name,iata,type,latitude,longitude
Sahnewal,LUH,small,30.850359856170176,75.95707224036518
Solapur,SSE,mid,17.625415183635024,75.93305977107549
Birsa Munda,IXR,mid,23.317724598996193,85.3235970368767
Ahwaz,AWZ,mid,31.343158556075725,48.74710654359313
Gwalior,GWL,mid and military,26.28548769793701,78.21721865463483
Hodeidah Int'l,HOD,mid,14.755253441372462,42.97109630194003
Devi Ahilyabai Holkar Int'l,IDR,mid,22.72774918757095,75.8092915005895
Gandhinagar,ISK,mid,19.966020567280626,73.81056749246886
Chandigarh Int'l,IXC,major and military,30.670724894966725,76.80172611052417
Aurangabad,IXU,mid,19.867296962108234,75.39584329220051
Faisalabad Int'l,LYP,mid and military,31.362743548086222,72.9878190922305
Omsk Tsentralny,OMS,mid,54.95764829340594,73.3163595376585
Novosibirsk Tolmachev,OVB,mid,55.00958471362636,82.66715245258652
Zaporozhye Int'l,OZH,mid and military,47.873263557902284,35.30187285752786
Simpang Tiga,PKU,mid,0.4646008729985052,101.44656929844086
Rota Int'l,ROP,mid,14.171771297121616,145.24398029858185
Surgut,SGC,mid,61.340167219448126,73.40849647643748
Tiruchirappalli,TRZ,mid,10.76035713065535,78.7089578747476
Turbat Int'l,TUK,mid,25.988794590011004,63.027933351918136
Quetta Int'l,UET,mid,30.249043186181034,66.94873114809494
Zahedan Int'l,ZAH,mid,29.475294195657344,60.90070856491495
Abdul Rachman Saleh,MLG,mid and military,-7.929980028405668,112.71141861725775
Barnaul,BAX,mid,53.3633850813046,83.55045321240377
Adampur,"",military mid,31.43294223977149,75.75848284560045
Bareilly,"",military,28.421808716114356,79.45200268765704
Dhamial,"",small,33.56141462788605,73.03204983920023
Cheongju Int'l,CJJ,major,36.72202277666726,127.49591612468085
Gwangju,KWJ,mid and military,35.14000513901977,126.81083948122644
Daegu Int'l,TAE,mid,35.89992779690866,128.63753769993312
Ulsan,USN,mid,35.59289575271069,129.35573104752825
Radin Inten II,TKG,mid,-5.242566777131995,105.17606041916142
Allahabad,IXD,military,25.443522027820965,81.73172714621872
Chelyabinsk,CEK,mid,55.29779194960553,61.51225897402009
Tainan,TNN,military mid,22.950667918346994,120.20973331809326
Taichung,RMQ,military mid,24.26665555671146,120.63070354758395
Rotterdam The Hague,RTM,mid,51.94913018993815,4.433844349628765
Voronezh-Chertovitskoye,VOZ,mid,51.81261712683441,39.22544964479734
Liverpool John Lennon,LPL,major,53.336375105442215,-2.858620657849379
Vishakapatnam,VTZ,mid,17.7279577384364,83.2235216387465
Sultan Hasanuddin Int'l,UPG,major,-5.058936894557788,119.54569134215063
Vava'u Int'l,VAV,mid,-18.586005855065373,-173.96809394415877
Newcastle Int'l,NCL,major,55.037084860801954,-1.71034578407216
Goloson Int'l,LCE,mid,15.74515966591258,-86.8514685020011
Madinah Int'l,MED,major,24.54423396056608,39.69913595604174
Mirabel Int'l,YMX,mid,45.68322509792671,-74.02873829848139
Palanga Int'l,PLQ,mid,55.971342623535804,21.09744639862514
Jaipur Int'l,JAI,mid,26.821179810060464,75.80101041926682
Sonari,IXW,mid,22.815414511024233,86.17246623637757
Yenisehir,YEI,mid,40.255539500747304,29.54492
Sakirpasa,ADA,major,36.9852090641795,35.29696142683381
Kodiak,ADQ,mid,57.74859210704827,-152.4856385152345
Amarillo Int'l,AMA,major,35.218403191939814,-101.70535277269678
Alice Springs,ASP,mid,-23.801968,133.902918
Raja Sansi Int'l,ATQ,mid and military,31.706822025888847,74.80715597198244
Biju Patnaik,BBI,mid,20.252665975473413,85.81688995444293
Bethel,BET,mid,60.77873798340883,-161.8389869594397
Palonegro,BGA,mid,7.127709154026846,-73.18092077253607
Birmingham Int'l,BHM,major,33.56186728280577,-86.75237736154624
Broken Hill,BHQ,mid,-31.998996737463017,141.47040730309726
Logan Int'l,BIL,major,45.803685571527836,-108.53692938812462
Bismarck Muni.,BIS,mid,46.77510666616138,-100.75747130371745
Del Bajio Int'l,BJX,mid,20.98588712119381,-101.47875338246688
Benin,BNI,mid,6.317166892078184,5.6036825600670035
Bourgas,BOJ,major,42.56708354877019,27.51640936629526
Bremen,BRE,major,53.052287104156015,8.7858617703132
Jacinto Lara Int'l,BRM,mid,10.0453,-69.356102
Brownsville-South Padre Island Int'l,BRO,mid,25.906274354534673,-97.43176534023202
Bristol Int'l,BRS,major,51.38629341891484,-2.7108646913430845
Baton Rouge Metro,BTR,major,30.532613804058556,-91.15675440481048
Bratislava-M.R. Stefanik,BTS,major,48.16983790625349,17.19998500222079
Burlington Int'l,BTV,mid,44.469206604073214,-73.15507877906677
Columbia Metro,CAE,major,33.934205458427535,-81.10933524293772
Calicut Int'l,CCJ,major,11.1395520526064,75.95099306305104
Cocos (Keeling) Islands,CCK,mid,-12.185158595329305,96.82874721442073
Corfu Int'l (Ioannis Kapodistrias),CFU,mid,39.60675545052586,19.914756164166214
Changchun Longjia Int'l,CGQ,major,43.99301147957697,125.69045681299836
Charleston Int'l,CHS,major and military,32.884530156296464,-80.03693374382624
Coimbatore,CJB,mid,11.030141512598268,77.03889377226204
Someseni,CLJ,mid,46.78266263402428,23.68698126804856
Ignacio Agramonte,CMW,mid,21.424703728196057,-77.84510399351666
Casper/Natrona County Int'l,CPR,major,42.89719004830057,-106.46444480969178
Clark Int'l,CRK,major,15.187642242388833,120.55077022391397
Yeager,CRW,major and military,38.37059143728646,-81.5964164667526
Catania Fontanarossa,CTA,major,37.470072800341015,15.067460500705343
Chetumal Int'l,CTM,mid,18.506434233376005,-88.3242600415365
Cardiff,CWL,major,51.39862209110174,-3.339568764291176
Gerrard Smith,CYB,mid,19.68986539628435,-79.87946163800297
Cozumel Int'l,CZM,mid,20.51155437716472,-86.93040640704362
James M. Cox Dayton Int'l,DAY,major,39.8990402865362,-84.22045942381024
Dubbo,DBO,mid,-32.218681,148.569717
Washington Nat'l,DCA,major,38.853716201212265,-77.04333739256312
Durango Int'l,DGO,mid,24.12619483261825,-104.53384602496385
Voloskoye,DNK,mid,48.36757180211169,35.09390602249747
Donetsk,DOK,major,48.06916712855819,37.744808557210334
Santa Bernardina Int'l,DZO,mid,-33.35910844755007,-56.49926362137442
Edinburgh Int'l,EDI,major,55.9485540113639,-3.3642846851355452
Terrance B. Lettsome Int'l,EIS,mid,18.444361855798306,-64.53715143657945
Elko Reg.,EKO,mid,40.82760588152249,-115.78647923224912
Ensenada,ESE,mid,31.797713976056865,-116.59572440041782
Vagar,FAE,mid,62.0625,-7.2708
Hector Int'l,FAR,mid and military,46.919817881132275,-96.8254561269675
Fresno Yosemite Int'l,FAT,mid,36.76981283739594,-119.72000132357581
Flagstaff Pulliam,FLG,mid,35.13891167579759,-111.6746561716751
Mundo Maya Int'l,FRS,mid,16.914974164222567,-89.87784042265082
Sioux Falls Reg.,FSD,mid,43.58019349727632,-96.73138310175408
Spokane Int'l,GEG,major,47.62547812783678,-117.53683662858516
Exuma Int'l,GGT,mid,23.56388290692585,-75.87261308530395
Gibraltar,GIB,mid,36.15127475041734,-5.346771800333878
Gerald R. Ford Int'l,GRR,mid,42.88477760209079,-85.52957320727401
Triad Int'l,GSO,major,36.105378199893245,-79.93648675774836
Great Falls Int'l,GTF,mid,47.482270729263035,-111.35668472784
Gaziantep Oguzeli Int'l,GZT,major,36.945363344687536,37.473803252189995
Hubli,HBX,mid,15.359183338622918,75.08631556802813
Hat Yai Int'l,HDY,mid,6.93634231940664,100.39375127467132
Hefei-Luogang,HFE,mid,31.77985767957784,117.30419701588772
Hurghada Int'l,HRG,major,27.18042609181859,33.807160641411784
Kharkov Int'l,HRK,major,49.92153606315507,36.28220107735029
Huntsville Int'l,HSV,major,34.648334460931935,-86.77494305633734
Ibadan,IBA,mid,7.360343972693927,3.973813343322902
Kansas City Int'l,ICT,major,37.6529279603903,-97.4287387683976
Wilmington Int'l,ILM,mid,34.266784067199566,-77.91037565604692
Ilorin Int'l,ILR,mid,8.435376519352406,4.494840388199345
Falls Int'l,INL,mid,48.56599308484143,-93.39800275527939
Inverness,INV,mid,57.53950029234238,-4.063591755871405
Imperial Cty.,IPL,mid,32.8339586685524,-115.57199556657955
Jammu,IXJ,mid,32.68104288862249,74.8423077638915
Madurai,IXM,mid,9.837186278775658,78.09113949371941
Jodhpur,JDH,major and military,26.26376234583514,73.05054918956712
Jabalpur,JLR,mid,23.1845328746465,80.0587438885277
Kilimanjaro Int'l,JRO,mid,-3.4244449599817792,37.06518960677478
Kaduna,KAD,mid,10.694619286239067,7.3252534740743425
Kananga,KGA,mid,-5.9001665622704085,22.47833324826895
Kumasi,KMS,mid,6.714606387503645,-1.5925752658236147
Vina del Mar,KNA,mid,-32.94839176513599,-71.4806025354969
Kanpur,KNU,mid,26.43883344670418,80.36753387720022
Kona Int'l at Keahole,KOA,mid,19.737099139944235,-156.04088947105768
Kirkwall,KOI,mid,58.95442887883035,-2.9013784952450767
Kota,KTU,mid,25.16341871667427,75.85049779445515
Konya,KYA,major and military,37.98399455316949,32.575673266968714
Blue Grass,LEX,major,38.03742731813716,-84.59826819187857
Lihue,LIH,mid,21.978124316208824,-159.34908429052206
Little Rock National,LIT,major,34.728430041517875,-92.22058813192886
Los Mochis,LMM,mid,25.68850882609902,-109.08269464526103
Venustiano Carranza Int'l,LOV,mid,26.955392716069884,-101.46496003175058
Laredo Int'l,LRD,mid,27.54366571758247,-99.45566039765133
Sumburgh,LSI,mid,59.87668995989993,-1.2880606883875354
Bassel Al-Assad Int'l,LTK,major,35.407311459674354,35.944240709666296
London Luton,LTN,major,51.8802952570969,-0.3762272673974393
Svalbard Longyear,LYR,mid,78.246717,15.495229
Sangster Int'l,MBJ,mid,18.501154929824885,-77.91839076357516
Mandalay Int'l,MDL,mid,21.705549068027405,95.97065359502169
Chicago Midway Int'l,MDW,major,41.78834925974092,-87.74212668856121
Eloy Alfaro Int'l,MEC,mid and military,-0.9495570021128831,-80.68338459957742
Montgomery Reg.,MGM,major,32.304587990963064,-86.39030746026862
Manchester-Boston Reg.,MHT,major,42.92791399458855,-71.43752390918567
Maiduguri Int'l,MIU,mid,11.853471318852687,13.085139016247085
Mbuji Mayi,MJM,mid,-6.1248454134881145,23.572109198905228
Minot Int'l,MOT,mid,48.25560492128391,-101.29138553129988
Missoula Int'l,MSO,mid,46.91876047688307,-114.08369492365063
Gen R.S. Taboada Int'l,MXL,mid,32.628564332460684,-115.24787404784124
Malpensa,MXP,major,45.62744051403809,8.712959535024368
Norfolk Island,NLK,mid,-29.035159255527493,167.94339411620473
Nurnberg,NUE,major,49.49450521703445,11.077417973909556
Odessa Int'l,ODS,major,46.44062687591064,30.676830831020588
Gold Coast,OOL,mid,-28.166516854020163,153.5128762643033
Oran Es Senia,ORN,mid,35.62027473127345,-0.6067969644311196
Lok Nayak Jaiprakash,PAT,mid,25.594443429560453,85.09090213146632
Paysandu,PDU,mid,-32.36145452927226,-58.0685346825257
Paphos Int'l,PFO,major,34.71340128173351,32.483232206492644
Sultan Mahmud Badaruddin II,PLM,mid,-2.899993450059967,104.69912832676162
Polokwane Int'l,PTG,mid,-23.858986270165953,29.45334036456435
Punta Cana,PUJ,mid,18.56303903398704,-68.3632351074649
Queretaro Int'l,QRO,mid,20.62246607127796,-100.18735943002979
Rajkot,RAJ,mid,22.309281698836052,70.7799548311565
Richmond Int'l,RIC,major,37.50828997509012,-77.33311963811302
Shah Makhdum,RJH,mid,24.44480686230351,88.61380457044305
Greater Rochester Int'l,ROC,major,43.127551982648235,-77.66524450621966
Rockhampton,ROK,mid,-23.378599,150.478897
Rostov-on-Don,ROV,mid,47.255111951975394,39.80351444453908
Saratov,RTW,mid,51.560645650884204,46.03502324989101
Ramon Villeda Morales Int'l,SAP,mid,15.455863052488276,-87.92723651254093
Santa Barbara Muni.,SBA,mid,34.42573129787832,-119.83660158079981
Deadhorse,SCC,mid,70.19751,-148.457855
Kangerlussuaq,SFJ,mid,67.018097,-50.694199
Springfield Reg.,SGF,major,37.24214449030243,-93.3826379012003
Shreveport Reg.,SHV,major,32.45457988665127,-93.82852222295027
Simferopol Int'l,SIP,major,45.020217397816495,33.99605292445367
Sitka Rocky Gutierrez,SIT,mid,57.05349,-135.365692
Los Cabos Int'l,SJD,major,23.162657448359653,-109.71785838690921
McNary Field,SLE,major,44.91051384521425,-123.00787147940393
Plan de Guadalupe,SLW,mid,25.54799764199738,-100.93226054858748
Shannon,SNN,major,52.693453710253166,-8.922428855576857
Santo Pekoa Int'l,SON,mid,-15.505538737085832,167.22089491937467
Achmad Yani,SRG,mid,-6.978734849569817,110.37855625566573
Srinagar,SXR,military mid,33.98309094316232,74.78262436723114
Tapachula Int'l,TAP,mid,14.791128133877267,-92.370003
Podgorica,TGD,major,42.367933519542824,19.246686861887266
Tallahassee Reg.,TLH,major,30.395557617693783,-84.34499539848576
Turin Int'l,TRN,major,45.19166007346417,7.644162303621328
Taiyuan Wusu Int'l,TYN,major,37.754511779151215,112.62589153931525
Narsarsuaq,UAK,mid,61.16259683373283,-45.41640089231083
Rayong,UTP,military mid,12.685293091266386,101.00020929048034
Victoria Falls,VFA,mid,-18.099015598368197,25.846767720882564
Vijaywada,VGA,mid,16.528642778235014,80.7973080000675
Varanasi,VNS,mid,25.449907732982243,82.85387419135274
Juan Gualberto Gomez,VRA,major,23.039542233963147,-81.43671038506231
Villahermosa,VSA,mid,17.993066011311075,-92.81906758362618
Brandon,YBR,mid,49.904727941027694,-99.94589590024634
CFB Edmonton,YED,military major,53.67491566186677,-113.47883905449686
Iqaluit,YFB,mid,63.751152353780704,-68.53672924418116
John C. Munro Hamilton Int'l,YHM,mid,43.16336053050961,-79.92642309599673
Fort McMurray,YMM,mid,56.65631713909619,-111.22384004661691
Yantai,YNT,major and military,37.407704472692394,121.37204741777312
Peace River,YPE,mid,56.231924036744985,-117.4436632080815
Greater Moncton Int'l,YQM,mid,46.11620596392595,-64.68866968073613
Sydney/J.A. Douglas McCurdy,YQY,mid,46.16734058905036,-60.04693721170264
Resolute Bay,YRB,mid,74.71818609875942,-94.97080232440061
Fort Smith,YSM,mid,60.01987496024426,-111.96105993815773
Thompson,YTH,mid,55.797482,-97.860733
Timmins,YTS,mid,48.566158,-81.372047
Repulse Bay,YUT,mid,66.533302,-86.25
Kuujjuaq,YVP,mid,58.101959,-68.433342
Wabush,YWK,mid,52.926071,-66.873009
Edmonton City Centre,YXD,mid,53.57094365828116,-113.52297368858079
Fort St. John (N. Peace),YXJ,mid,56.246035,-120.736439
North Bay/Jack Garland,YYB,mid,46.358711,-79.42491
Zaria,ZAR,mid,11.135295860107082,7.687267643105769
Skopje,SKP,mid,41.95645460815443,21.62819718582291
Burnpur,"",mid,23.631217910776442,86.97454677657299
Hindon Air Force Station,"",mid,28.70779686010708,77.35078887791173
Sunchon,"",major,39.411965971056546,125.89082505748561
Lodz Wladyslaw Reymont,LCJ,mid,51.727207045169955,19.403214874403695
Alma Ata N.W.,BXJ,mid and military,43.355419083791865,76.87826400966476
Jiamusi Dongjiao,JMU,mid,46.843015022337944,130.4562047044068
Mudanjiang Hailang,MDG,major,44.53429362999352,129.5801515322203
Severomorsk-3 (Murmansk N.E.),"",military major,69.0168711826804,33.29035276162853
Mosul Int'l,OSB,mid,36.308601,43.145802
Rostov N.,"",military mid,47.277420920286694,39.635399634366465
Rostov S.W.,"",mid,47.1158577255835,39.797221534514875
Oulu,OUL,mid,64.92879923588488,25.372837470430696
Bordeaux,BOD,major,44.832110866267385,-0.7017934490752431
Mandelieu,CEQ,mid,43.54609798704497,6.954316120289373
St Gatien,DOL,mid,49.361660998660916,0.158653528230218
Lille-Lesquin,LIL,mid,50.57164239295806,3.1059649979981345
Toulouse-Blagnac,TLS,major,43.63046256616009,1.3735091855115267
Fukuoka,FUK,major,33.58481643325734,130.44418954188373
Hiroshima-Nishi,HIW,mid,34.37138156288289,132.419372741681
Nagoya,NKM,mid,35.254053205286695,136.9196283841399
Sendai,SDJ,mid,38.138207561528674,140.93024738136907
Kirkenes Hoybuktmoen,KKN,mid,69.72383181136918,29.891348950040616
Marechal Rondon Int'l,CGB,mid,-15.651147019195495,-56.120177475472424
Hercilio Luz Int'l,FLN,major,-27.664627694163833,-48.544812204959904
Joinville-Lauro C. de Loyola,JOI,mid,-26.224294137478456,-48.80164981656161
Presidente Castro Pinto Int'l,JPA,mid,-7.146174624020474,-34.9488925911125
Augusto Severo Int'l,NAT,major,-5.899120544771162,-35.24884101653892
Francisco Sa Carneiro,OPO,major,41.23687089204524,-8.671272407196472
Marechal Cunha Machado Int'l,SLZ,mid,-2.5835092104301847,-44.236234470049205
Santos Air Force Base,SSZ,military mid,-23.9237590410637,-46.30527049310029
Teresina-Senador Petronio Portella,THE,mid,-5.06346299167191,-42.82124023178447
Viracopos-Campinas Int'l,VCP,mid,-23.00962390853391,-47.141079191101426
Eurico de Aguiar Salles,VIX,mid,-20.25741627594185,-40.28853687599133
Alicante,ALC,major,38.286640899392886,-0.5572304403635879
Almeria,LEI,mid,36.84776727096432,-2.371601440591205
Valencia,VLC,mid,39.49145978844889,-0.4734749307716761
Kiruna_Airport,KRN,mid,67.8256066056432,20.335152295489802
Norrkoping Airport,NRK,major,58.583380501754064,16.23394076958144
Husein Sastranegara Int'l,BDO,mid,-6.900424083534088,107.57561185220892
Rosario – Islas Malvinas Int'l,ROS,mid,-32.91622697438119,-60.78007872165863
Maceio/Zumbi dos Palmares Int'l,MCZ,mid,-9.514941185401165,-35.79249512158329
Sharm el-Sheikh Int'l,SSH,mid,27.980404419916844,34.39011892672875
Taba Int'l,TCP,mid,29.594499056801894,34.775837899677896
Agra,AGR,major and military,27.157727734749972,77.96090917650903
Vadodara,BDQ,mid,22.33616400211708,73.2262889533239
Shahid Ashrafi Esfahani,KSH,mid,34.34641677391081,47.156583516563856
Benina Int'l,BEN,mid,32.08727746065531,20.268039801851568
King Abdulaziz Ab,DHA,military major,26.270368085476772,50.1477245727844
Nueva Hesperides Int'l,STY,mid,-31.437388338779797,-57.98408211764924
Baikonur Cosmodrome,"",spaceport,45.963573940312365,63.30735442387505
Kennedy Space Center,"",spaceport,28.516370477202706,-80.6369680911892
Centre Spatial Guyanais,"",spaceport,5.239410012580352,-52.76842968934524
Queen Beatrix Int'l,AUA,mid,12.503464363029721,-70.00762285634964
Djibouti-Ambouli Int'l,JIB,mid,11.552101823017216,43.149712785995575
Diego Aracena Int'l,IQQ,mid and military,-20.547840087830867,-70.17863539553298
Sabiha Gokcen Havaalani,SAW,major,40.90430035539573,29.309599142388944
Kosrae Island,KSA,mid,5.352009857182798,162.95704122507613
Funafuti Int'l,FUN,mid,-8.52485415059424,179.19544202302
Dr. Babasaheb Ambedkar Int'l,NAG,mid,21.089931763008746,79.0537976421986
Phuket Int'l,HKT,mid,8.107684759527347,98.30603849005591
Nadi Int'l,NAN,mid,-17.752912947979222,177.45115119805948
Lic. Jesus Teran Peredo Int'l,AGU,mid,21.701339032920746,-102.3140937400579
Albenga,ALL,mid,44.04587735981584,8.12314535436409
Queen Alia Int'l,AMM,major,31.722662160043214,35.989707162192985
Chacalluta Int'l,ARI,mid,-18.349206163957913,-70.3357301410959
Atar Int'l,ATR,mid,20.498270610156464,-13.05117043233154
Ernesto Cortissoz Int'l,BAQ,mid,10.886677595941366,-74.77655597826495
Teniente Luis Candelaria Int'l,BRC,mid,-41.14599769581051,-71.16143008697632
Bouake,BYK,mid,7.736104955550318,-5.0689422227531145
Philip S. W. Goldson Int'l,BZE,major,17.536068657552093,-88.30820640330747
Corpus Christi Int'l,CRP,major,27.77445607008226,-97.50226787102976
Hato Int'l,CUR,mid,12.184834605201921,-68.95687880727611
Velazco Astete Int'l,CUZ,major,-13.538218699263911,-71.94366414497216
Julius Nyerere Int'l,DAR,mid,-6.866720042491186,39.207471503916466
Detroit City,DET,mid,42.40909384319068,-83.00396814177334
Presidente Nicolau Lobato Int'l,DIL,mid,-8.549311574145644,125.52485420918208
Moscow Domodedovo Int'l,DME,major,55.41415282230229,37.90025312894517
Dunedin Int'l,DUD,mid,-45.923431,170.200027
Dzaoudzi Pamanzi Int'l,DZA,mid,-12.80494743816432,45.281786419789874
El Paso Int'l,ELP,mid,31.799086027258937,-106.39571467936567
Zvartnots Int'l,EVN,major,40.15236794518844,44.40006305369384
Fort Worth Meacham Field,FTW,major,32.82075290479723,-97.35513485615866
JAGS McCartney Int'l,GDT,mid,21.442123743906283,-71.14613374488756
Scholes Int'l,GLS,mid,29.2671239212096,-94.85540138762639
Goma Int'l,GOM,mid,-1.6583179500206946,29.240053495222842
Garoua Int'l,GOU,mid,9.33068867678854,13.372430937787765
Antonio B. Won Pat Int'l,GUM,major,13.492646235946513,144.8058503570926
Gary/Chicago Int'l,GYY,mid,41.617793001516596,-87.40835962474056
Prince Said Ibrahim Int'l,HAH,mid,-11.536639382912684,43.274561217961576
Hobart Int'l,HBA,mid,-42.83760836948221,147.50599619040787
Honiara Int'l,HIR,mid,-9.427575664001457,160.04585512992452
Kiev Zhuliany Int'l,IEV,mid,50.412808165984956,30.445130518210362
Irkutsk S.E.,IKT,mid and military,52.272889388224414,104.35585974800242
Indianapolis Int'l,IND,major,39.730204370396905,-86.27340036508855
Nauru Int'l,INU,mid,-0.5450372268563837,166.91613965881993
Mataveri Int'l,IPC,mid,-27.158773838853794,-109.4300644100096
Gob. Horacio Guzman Int'l,JUJ,mid,-24.386101077584634,-65.09376654588122
Nanchang Changbei Int'l,KHN,mid,28.862489120066552,115.91197991860221
Kunming Wujiaba Int'l,KMG,major,24.99999611008102,102.74211757882347
Leeds Bradford,LBA,major,53.86908194744343,-1.6598310673474594
Libreville Leon M'ba Int'l,LBV,mid,0.4571392295037592,9.410223378207123
Lome Tokoin,LFW,mid,6.16687362722297,1.25093205640014
Lviv Danylo Halytskyi Int'l,LWO,mid and military,49.817850605000466,23.946126959894446
Marshall Islands Int'l,MAJ,mid,7.0681184855709125,171.28191937064796
Macau Int'l,MFM,major,22.15765725296336,113.57451294861951
Aden Adde Int'l,MGQ,mid,2.016353112149878,45.30363741862018
Maputo Int'l,MPM,mid,-25.924276711787034,32.57419151947824
Sir Seewoosagur Ramgoolam Int'l,MRU,mid,-20.431756779321564,57.67698600766355
Naples Int'l,NAP,major,40.87807288436389,14.282844434020328
Nouadhibou Int'l,NDB,mid,20.92905230643873,-17.03343986915384
Ningbo Lishe Int'l,NGB,major,29.820823190686056,121.46181938848366
Nouakchott Int'l,NKC,mid,18.09792317181745,-15.95192592522014
La Tontouta Int'l,NOU,mid,-22.013638624898107,166.21723211869872
Oakland Int'l,OAK,major,37.71230369516912,-122.21326125786332
Ontario Int'l,ONT,major,34.06019110206596,-117.5923276516506
Cork,ORK,major,51.84854054199235,-8.490141999838173
Minangkabau Int'l,PDG,mid,-0.7860457140262733,100.28545585179133
Joao Paulo II,PDL,mid,37.743331647293275,-25.696988219871116
Bacha Khan Int'l,PEW,mid,33.99140278895964,71.51881499126668
Glasgow Prestwick,PIK,mid,55.50889181051421,-4.610971639010682
Ponta Pora Int'l,PMG,mid,-22.551786560876014,-55.70607937485728
Palmerston N. Int'l,PMR,mid,-40.32331788520548,175.62128328195985
Pohnpei Int'l,PNI,mid,6.981306765121233,158.2033044909644
Tahiti Faa'a Int'l,PPT,mid,-17.55945776599425,-149.60975793242872
Pisa Galileo Galilei Int'l,PSA,major and military,43.69832241576641,10.400134371805603
Port Sudan,PZU,mid and military,19.576063653196776,37.216065757541976
Praia Int'l,RAI,mid,14.944988935283243,-23.486201988358683
Marrakech-Menara,RAK,mid,31.60229465977643,-8.024605359079887
Rarotonga Int'l,RAR,mid,-21.20098217246316,-159.7981563083873
Siem Reap Int'l,REP,major,13.408796969353801,103.81578052811155
Hermes Quijada Int'l,RGA,mid,-53.7814746058316,-67.75302684626753
Piloto Civil Norberto Fernandez Int'l,RGL,mid,-51.61169808554019,-69.30647117767309
Reno-Tahoe Int'l,RNO,major,39.505849901470334,-119.77528330810486
Roman Tmetuchl Int'l,ROR,mid,7.364495536129204,134.5329534661587
Amilcar Cabral Int'l,SID,mid,16.734793269338514,-22.9440574079648
Sarajevo,SJJ,major,43.825887224679725,18.336618545712724
Robert L. Bradshaw Int'l,SKB,mid,17.311125840442042,-62.714212504731584
Martín Miguel de Güemes Int,SLA,mid,-24.84437427133154,-65.47847604377958
Saipan Int'l,SPN,mid,15.121516719766413,145.7236946586376
Juana Azurduy de Padilla Int'l,SRE,mid,-19.01391579246574,-65.29286313878465
Princess Juliana Int'l,SXM,major,18.042244021474033,-63.1122760858602
Ta'izz Int'l,TAI,mid,13.685497002557412,44.134782731062046
Qingdao Liuting Int'l,TAO,mid,36.267757808103866,120.3806859490605
Chuuk Int'l,TKK,mid,7.457617802884429,151.84204603740326
Tangier Ibn Battouta,TNG,mid,35.725765640927385,-5.912880876559137
Bonriki Int'l,TRW,mid,1.3806686975383045,173.14599079530137
Astana Int'l,TSE,major,51.0269352907712,71.46094413999357
Tianjin Binhai Int'l,TSN,major,39.12946099090075,117.35272315991853
Townsville,TSV,major and military,-19.256181437621244,146.77067890477002
Teniente Gen. Benjamin Matienzo Int'l,TUC,mid,-26.835731005071423,-65.10812462362482
Aeroport Tunis,TUN,major,36.84744821772193,10.21769924471112
Tucson Int'l,TUS,major,32.12035234418979,-110.93771323213196
Chinggis Khaan Int'l,ULN,mid,47.852526096668434,106.76287399492858
Urumqi Diwopu Int'l,URC,major,43.898338219365286,87.46712984878084
Bauerfield Int'l,VLI,mid,-17.701699068178094,168.3196227396616
Wewak Int'l,WWK,mid,-3.5802268944474442,143.66910229969758
Chalons Vatry,XCR,military mid,48.78039461385664,4.19111982574289
Xiamen Gaoqi Int'l,XMN,major,24.537192570557004,118.12696884672026
Yap Int'l,YAP,mid,9.497917333613481,138.08643028361917
Playa de Oro Int'l,ZLO,mid,19.148086028585354,-104.56009520009748
Cayenne – Rochambeau,CAY,mid,4.821267143089237,-52.363806857235694
Irkutsk N.W.,UIIR,mid,52.36164767001315,104.19735928449404
Shijiazhuang Zhengding Int'l,SJW,major,38.27814091311202,114.6922665989016
Heydar Aliyev Int'l,GYD,major,40.46274688390803,50.04983948674051
Lakatamia Airbase,LAK,military mid,35.10634480673619,33.322201334898956
Cabo Frio Int'l,CFB,mid,-22.925631709132773,-42.079251752018415
Helsinki-Malmi,HEM,mid,60.24937784995868,25.045535369831455
Luxembourg-Findel,LUX,major,49.63430409251016,6.216421217287305
Venice Marco Polo,VCE,major,45.504847758845486,12.341067300436913
Yangyang Int'l,YNY,mid,38.058782416258545,128.66298866883957
Tabatinga Int'l,TBT,mid,-4.250324694933793,-69.93947393390899
Boa Vista Int'l,BVB,mid,2.84119534121157,-60.69222063386823
Gran Canaria,LPA,major,27.936889971657408,-15.389924515846113
Com. Armando Tola Int'l,ING,mid,-50.283900869003766,-72.05385691012962
Stockholm-Skavsta,NYO,mid,58.785104130344784,16.92160555842542
Polonia Int'l,MES,mid,3.5665917999089403,98.67619257146407
Bangui M'Poko Int'l,BGF,mid,4.398851536959572,18.524123630208024
Hangzhou Xiaoshan Int'l,HGH,major,30.235186279041436,120.43209737631294
Cassidy Int'l,CXI,mid,1.9861611979240215,-157.34977789343037
Siauliai Int'l,SQQ,mid,55.90376945403999,23.383188573869113
Niue Int'l,IUE,mid,-19.076712935451056,-169.92612977421672
Guarani Int'l,AGT,mid,-25.456857071581247,-54.83939952960621
Rodriguez Ballon Int'l,AQP,mid,-16.344552065351998,-71.56793353852852
Vladivostok Int'l,VVO,mid and military,43.377649253388505,132.13984172071468
Pristina,PRN,major,42.58503311534483,21.03026901247459
Deurne,ANR,mid,51.18912850638064,4.450922773999088
Gen. Marquez de Leon Int'l,LAP,mid,24.076090352180334,-110.36719785980947
Harbin Taiping,HRB,major,45.62060117232452,126.2369830308627
Trivandrum Int'l,TRV,mid,8.476509938945144,76.91890256129132
Adnan Menderes,ADB,major,38.29123476451746,27.149297595266408
Nanjing Lukou Int'l,NKG,major,31.73532492961766,118.86610214690592
Freeport Int'l,FPO,mid,26.548246747188983,-78.70393431144967
Tripoli Int'l,TIP,major,32.66916955049933,13.144258981071262
Gander Int'l,YQX,mid,48.946598006073565,-54.57557190935781
Doha Int'l,DOH,major and military,25.268246131050645,51.558548787654715
Albuquerque Int'l,ABQ,major,35.04915780182765,-106.6166851616002
V.C. Bird Int'l,ANU,mid,17.140359937161683,-61.792367669835826
Faleolo,APW,mid,-13.832501332395603,-171.99732221833983
Asyut,ATZ,mid,27.05081584069781,31.016249043801107
Bahrain Int'l,BAH,major,26.269697149949714,50.62600287575336
Bradley Int'l,BDL,major,41.93031600583518,-72.68539474333903
Grantley Adams Int'l,BGI,mid,13.079661104553033,-59.48741889531585
Yundum Int'l,BJL,mid,13.343860478894186,-16.652313269807472
Bujumbura Int'l,BJM,mid,-3.322044349131131,29.32098401699387
Chileka Int'l,BLZ,mid,-15.68138447932725,34.971944183793276
Broome Int'l,BME,mid,-17.95257612926801,122.23385051502184
Bandar Abbass Int'l,BND,mid,27.210325845514543,56.368886456411
Basrah Int'l,BSR,major,30.552799016106043,47.668376663351836
Ciudad Juarez Int'l,CJS,mid,31.635756620195146,-106.4358466310554
Katunayake Int'l,CMB,major,7.1780771054422114,79.88525734215062
Cairns Int'l,CNS,mid,-16.876742155406177,145.75358484439977
Chiang Mai Int'l,CNX,major,18.768847391967526,98.96811812415933
City of Colorado Springs,COS,major,38.79742487791252,-104.70088027411134
Ign. Alberto Ongay Int'l,CPE,mid,19.81422479920744,-90.50362837340384
Changsha Huanghua Int'l,CSX,major,28.189921861945066,113.21405420325205
Greater Cincinnati Int'l,CVG,major,39.05541890478304,-84.65616991533919
Da Nang,DAD,major,16.05314414516696,108.20270625793569
Dallas Love Field,DAL,major,32.84442537327384,-96.84986377097995
Damascus Int'l,DAM,major,33.41143667027319,36.51289547181257
Enrique Malek Int'l,DAV,mid,8.391261061169175,-82.43175833693866
Aba Tenna D. Yilma Int'l,DIR,mid,9.61267784753569,41.857756722253
Bali Int'l,DPS,major,-8.744757315956518,115.16232296110661
Des Moines Int'l,DSM,major,41.5327904242113,-93.64846125637362
Entebbe Int'l,EBB,mid,0.04494094938867206,32.4427573135214
Kisangani Bangoka Int'l,FKI,mid,0.4922251369175005,25.330271489621154
Fuzhou Changle Int'l,FOC,mid,25.931823314814313,119.6680438209992
Lokpriya G. Bordoloi Int'l,GAU,mid,26.105247592425503,91.58822905818697
Gdansk Lech Walesa,GDN,major,54.380702535292464,18.468442216591136
Point Salines Int'l,GND,mid,12.007268305428271,-61.78585299092849
Nizhny Novgorod Int'l,GOJ,mid,56.21855259106556,43.789633706293515
Gen. Jose M. Yanez Int'l,GYM,mid,27.969455396282893,-110.9216512704022
Hohhot Baita Int'l,HET,mid,40.85406009065522,111.81468182162591
Helena Reg.,HLN,mid,46.61020435289996,-111.9898968960076
Gen. Ignacio P. Garcia Int'l,HMO,mid,29.090077252344535,-111.0519017118191
Dulles Int'l,IAD,major,38.95277403795302,-77.44779257692062
Hilo Int'l,ITO,mid,19.714797686866262,-155.0396297334349
Jackson Int'l,JAN,major,32.31006002736351,-90.07509862769238
Jacksonville Int'l,JAX,major,30.491352730947966,-81.68357672783112
Kuching Int'l,KCH,mid,1.487207937790097,110.3418370543153
Kigali Int'l,KGL,mid,-1.9636544366413797,30.13487681878561
Balice,KRK,major,50.07226306483314,19.800977284450408
Kurumoch,KUF,major,53.50838481909353,50.14726552101905
Guilin Liangjiang Int'l,KWL,major,25.217605525229324,110.04689349777009
Laoag Int'l,LAO,mid,18.182418086637874,120.53387619612701
LaGuardia,LGA,major,40.77455393988576,-73.8719858204814
London Gatwick,LGW,major,51.155756751927456,-0.16296163913945588
Ljubljana,LJU,major,46.230544555448624,14.454812628326566
Amausi Int'l,LKO,mid,26.763932870091633,80.88417197324722
La Plata,LPG,mid,-34.9655441559234,-57.89538206365101
Gen. Sevando Canales,MAM,mid,25.770841264061858,-97.53082171211871
Manchester Int'l,MAN,major,53.36248960665181,-2.2733715906942735
Kansas City Int'l,MCI,major,39.297895826365945,-94.71591485791544
Seeb Int'l,MCT,major,23.588570417585636,58.2904804753493
Habib Bourguiba Int'l,MIR,mid,35.76071044217803,10.75336818505404
Marseille Provence Airport,MRS,major,43.44106000164679,5.221379177203373
Quetzalcoatl Int'l,NLD,mid,27.449689650831623,-99.5680081930063
Nanning Wuwu Int'l,NNG,major,22.612037054178508,108.16801227333096
Xoxocotlan Int'l,OAX,mid,17.000559256974505,-96.72179593849754
Kahului,OGG,mid,20.89328851511117,-156.4374295813534
Will Rogers,OKC,major,35.39527749117442,-97.59611775420922
Norfolk Int'l,ORF,major,36.89823946736742,-76.2044231712327
Palm Beach Int'l,PBI,major,26.688441666432965,-80.09018933833873
Pengel Int'l,PBM,mid,5.455999677974393,-55.199911389290236
Bolshesavino,PEE,mid,57.919771123169134,56.019560282029694
Penang Int'l,PEN,mid,5.292656277904887,100.26578638095476
Port Harcourt Int'l,PHC,mid,5.007003476739435,6.9498974272319085
Port Hedland Int'l,PHE,mid,-20.378127296072336,118.63179781561529
Pierre Regional,PIR,mid,44.38015346687622,-100.29264198170532
Greater Pittsburgh Int'l,PIT,major,40.496051891528495,-80.2561290571918
Pago Pago Int'l,PPG,mid,-14.329064185030566,-170.71330705373444
Birmingham Int'l,BHX,major,52.45290855428381,-1.7337317043445242
Roberts Int'l,ROB,mid,6.241834565545255,-10.353085186793352
Raipur,RPR,mid,21.18598685614469,81.74037759152014
El Salvador Int'l,SAL,mid,13.444748122861604,-89.0572035692743
San Diego Int'l,SAN,major,32.73226455701319,-117.19751102573103
San Antonio Int'l,SAT,major,29.526620339131505,-98.4719699991559
Savannah Int'l,SAV,major,32.13564155229021,-81.20996477509134
Antonio Maceo,SCU,mid,19.972428871762215,-75.83988776397909
Ponciano Arriaga Int'l,SLP,mid,22.255713049590337,-100.93647781626697
Sacramento Int'l,SMF,major,38.6927238925554,-121.58789487772277
Cibao Int'l,STI,mid,19.46592191528884,-70.69417832244676
Koltsovo,SVX,major,56.73224561204597,60.80580334321738
Syracuse Hancock Int'l,SYR,major,43.13178449437413,-76.1130789991049
Tabriz,TBZ,mid,38.131110768817514,46.244713373574
Torreon Int'l,TRC,mid,25.56321643998958,-103.39878782857888
Tulsa Int'l,TUL,major,36.19012756519499,-95.88988227154202
Mcghee Tyson,TYS,major,35.80574480270883,-83.98993783275846
Ufa Int'l,UFA,major,54.56513235789718,55.884077341183726
Hewanorra Int'l,UVF,mid,13.736523805048892,-60.949973772346056
Windhoek Hosea Kutako Int'l,WDH,mid,-22.486953120204117,17.463225902813253
Sault Ste Marie,YAM,mid,46.485417510192555,-84.50060899997175
Dawson Cr.,YDQ,mid,55.7394117074557,-120.18559561910142
Edmonton Int'l,YEG,major,53.307200161918324,-113.5844925644056
Halifax Int'l,YHZ,major,44.886545450100954,-63.514965250167336
Kamloops,YKA,mid,50.70519551845913,-120.44173476396232
Sudbury,YSB,mid,46.622750820489316,-80.79577478171052
Saint John,YSJ,mid,45.329230595501656,-65.89055736811677
Prince George,YXS,mid,53.884248575113766,-122.67401474398616
Victoria Int'l,YYJ,major,48.64052948217902,-123.43062453952774
Zamboanga Int'l,ZAM,mid,6.919757748058303,122.06243232163732
Lanzhou Zhongchuan,ZGC,mid,36.50788424612367,103.61541536304331
Albany Int'l,ALB,mid,42.745661980172905,-73.80935188431725
General Mitchell Int'l,MKE,major,42.94791987295855,-87.90210562507438
Wang-Chia Tun Airbase,"",military mid,30.60171411967017,114.24694737615044
Sanya Phoenix Int'l,SYX,major,18.309095990859316,109.40823949107957
Lhasa Gonggar,LXA,mid,29.29369361231842,90.9005610194027
Hotan,HTN,mid,37.04003635097652,79.87230052121915
Dresden,DRS,major,51.125091242887116,13.764967144004661
Kenitra Air Base,NNA,military major,34.298667363822325,-6.5977536281159965
Annemasse,QNJ,mid,46.19572832862606,6.264910853641591
Nogales Int'l,NOG,mid,31.225537174115924,-110.97272130167508
Strasbourg,SXB,mid,48.54469617217594,7.627841966889242
Cologne/Bonn,CGN,major,50.87825966294709,7.122359755245386
Kimhae Int'l,PUS,major,35.17028406368295,128.9488013790388
Jeju Int'l,CJU,major,33.52471731503988,126.49162940197242
Stavanger Sola,SVG,major,58.88215648421848,5.629810329721799
Trondheim Vaernes,TRD,major,63.472029381716986,10.916809524144515
Corumba Int'l,CMG,mid,-19.01416628855335,-57.663607892554346
Madeira,FNC,mid,32.69336428474887,-16.775637453121334
Foz do Iguaçu Int'l,IGU,mid,-25.597683216210232,-54.48859227356332
Gov. Jorge Teixeira de Oliveira Int'l,PVH,mid,-8.714424828592882,-63.89846250042134
Bilbao,BIO,mid,43.30508298111947,-2.9060901167980533
Palma de Mallorca,PMI,major,39.56577585862541,2.729976602006474
Tenerife N.,TFN,major,28.487577026773145,-16.346317567926352
Gothenburg,GOT,major,57.685749353487864,12.29382690925731
Lulea,LLA,major,65.54903624776163,22.123027124394543
Abu Dhabi Int'l,AUH,major,24.42722715297642,54.646329322555786
Mohamed Boudiaf Int'l,CZL,mid,36.28344094416007,6.621946651812188
Aswan Int'l,ASW,mid,23.968276544177797,32.82443724629733
Rovaniemi,RVN,mid,66.55955641685094,25.829440976045195
Cheddi Jagan Int'l,GEO,mid,6.498552908135722,-58.25411919258886
Cochin Int'l,COK,major,10.155118762811767,76.39051985020242
Eldoret Int'l,EDL,mid,0.4050714754603605,35.223693065830126
Incheon Int'l,ICN,major,37.449208862434624,126.45087598079584
Federal de Bachigualato Int'l,CUL,mid,24.766804039046114,-107.46986379289618
Benazir Bhutto Int'l,ISB,major and military,33.607445750752625,73.10079364718818
Brussels,BRU,major,50.89729496415108,4.484640324082722
Abuja Int'l,ABV,major,9.00437659781094,7.2702599397435606
Arcata-Eureka,ACV,mid,40.97192453813144,-124.10706552013855
Austin-Bergstrom Int'l,AUS,major,30.202108192074945,-97.66683676460543
Antalya,AYT,major,36.915323305186774,30.80255264394152
Belfast Int'l,BFS,major,54.66155754701032,-6.2161694373495795
Orio Al Serio,BGY,major,45.66549805606945,9.698917693997402
Kota Kinabalu Int'l,BKI,mid,5.922894454748071,116.05108787336903
Bengaluru Int'l,BLR,major,13.200610806960903,77.70955798895749
Canberra Int'l,CBR,major,-35.3071855902909,149.19076053967132
Port Columbus Int'l,CMH,major,39.9981181922432,-82.8840306426634
Mohamed V Int'l,CMN,major,33.374727481539615,-7.581455990257197
Dusseldorf Int'l,DUS,major,51.2781820420774,6.76494446612174
Esenboga Int'l,ESB,major,40.11512782732336,32.99301007720143
Hamilton Int'l,HLZ,mid,-37.865841148482694,175.33622143270816
Rajiv Gandhi Int'l,HYD,major,17.235983150747067,78.42953613451998
John F Kennedy Int'l,JFK,major,40.645959558408144,-73.78632686092955
Boryspil Int'l,KBP,major,50.34090233887696,30.89516216155281
Khartoum,KRT,major,15.59222265308578,32.550153296632956
Dane Cty. Reg. (Truax Field),MSN,major,43.13630823858675,-89.34578478944866
Minsk Int'l,MSQ,major,53.88937923980054,28.034193334637767
Palermo,PMO,major,38.186335108489494,13.105530988863753
T.F. Green,PVD,mid,41.726001984718906,-71.4357841445789
Southwest Florida Int'l,RSW,major,26.527928806765104,-81.75512314093055
Shenyang Taoxian Int'l,SHE,major,41.634789133958215,123.4879744303385
Sharjah Int'l,SHJ,major,25.321196401906818,55.52050719488528
San Jose Int'l,SJC,major,37.36949059089655,-121.92942898353154
John Wayne,SNA,major,33.6794857329549,-117.8614892203934
Stuttgart,STR,major,48.69010513589129,9.193951089455357
Nacional Tobias Bolanos,SYQ,mid,9.958278519196229,-84.13860919715941
Shenzhen Bao'an Int'l,SZX,major,22.64650771478675,113.81585275108512
Louisville Int'l,SDF,major,38.18602071526992,-85.74170275973673
Geneva,GVA,major,46.23100951015795,6.107945774236034
Lyon-Saint Exupery,LYS,mid,45.72101868346691,5.075944318134586
Kansai Int'l,KIX,major,34.43479416292695,135.24445977247638
Lisbon Portela,LIS,major,38.770762342751425,-9.130694409310712
Tancredo Neves Int'l,CNF,major,-19.63278212187474,-43.96358152099491
Bromma,BMA,mid,59.35559020651122,17.945617540614503
Juanda Int'l,SUB,major,-7.383578985275999,112.77703459493297
Astor Piazzolla Int'l,MDQ,mid,-37.93321612044816,-57.581615093239215
Owen Roberts Int'l,GCM,major,19.29591074371222,-81.35767061622893
Zhengzhou Xinzheng Int'l,CGO,major,34.52630271989567,113.84183130284451
Dalian Zhoushuizi Int'l,DLC,major,38.96157023002216,121.53891378010117
Heraklion Int'l,HER,major,35.33690241010455,25.17405582432718
Tbilisi Int'l,TBS,major,41.66944201872605,44.964614614166365
Cascais,XXC,mid,38.72353532083235,-9.354582402639275
Kaohsiung Int'l,KHH,major,22.57170610544221,120.34515634215063
Sadiq Abubakar III,SKO,mid,12.917482416618078,5.200226160326513
Mariscal Sucre Int'l,UIO,mid,-0.14555240846688244,-78.48999255457005
Karachi Civil,KHI,mid,24.898524368959485,67.15212835929466
Kishinev S.E.,KIV,mid,46.93416199003912,28.93604875622555
Jorge Chavez,LIM,major,-12.0237161502221,-77.10756569313422
Thunder Bay Int'l,YQT,mid,48.37188114925079,-89.31214212381362
Vilnius,VNO,major,54.64305493075424,25.28071644972846
Hsien Yang,XIY,major,34.442939105442214,108.75581134215064
Del Norte Int'l,NTR,mid,25.859873767729045,-100.2383941865767
Fua'amotu Int'l,TBU,mid,-21.24861,-175.135635
Esfahan Int'l,IFN,mid,32.74608053443211,51.87639168126809
Harare Int'l,HRE,mid,-17.9228,31.1014
Kuwait Int'l,KWI,major,29.239680058158292,47.97148255933165
Macdonald-Cartier Int'l,YOW,major,45.3201348196531,-75.66489338702053
Kabul Int'l,KBL,mid,34.56339788641491,69.21007362708741
Abidjan Port Bouet,ABJ,mid,5.254398445149204,-3.9322192916763594
General Juan N Alvarez Int'l,ACA,major,16.761967352779976,-99.75450856196812
Kotoka Int'l,ACC,major,5.606981523811933,-0.17140285566081673
Bole Int'l,ADD,mid,8.981730275810992,38.7931904366343
Aden Int'l,ADE,mid,12.8278,45.030602
Adelaide Int'l,ADL,mid,-34.9405860275154,138.5321014576991
Almaty Int'l,ALA,major,43.34649431447929,77.01204587711747
Houari Boumediene,ALG,major,36.69972066635346,3.212073535165055
Aleppo Int'l,ALP,major,36.18462373143136,37.22734140578282
Sardar Vallabhbhai Patel Int'l,AMD,mid,23.070745463588118,72.62090008843316
Cerro Moreno Int'l,ANF,mid,-23.448954524831667,-70.44099085094066
Ashkhabad Northwest,ASB,mid,37.98485343895699,58.363965920824604
Yohannes Iv Int'l,ASM,mid,15.29361596964986,38.90635401363214
Silvio Pettirossi Int'l,ASU,mid,-25.241659253381577,-57.51390782471363
Bermuda Int'l,BDA,mid,32.359173960158074,-64.70277406865142
Surcin,BEG,major,44.81907666544326,20.291284594662077
Beirut Int'l,BEY,major,33.825440061866765,35.4930853618161
Bairagarh,BHO,mid,23.285568486980882,77.34087147135794
Bamako Senou,BKO,mid,12.539336342586719,-7.947272269708012
Nashville Int'l,BNA,major,36.13148763616973,-86.66928673563747
Brisbane Int'l,BNE,major,-27.38539659390988,153.1202564188439
Boise Air Terminal,BOI,major,43.5689592234704,-116.2218410705487
Wiley Post Will Rogers Mem.,BRW,mid,71.289299,-156.771835
Greater Buffalo Int'l,BUF,major,42.93403374935259,-78.73199655233083
Bulawayo,BUQ,mid,-20.015568409490825,28.622552042904037
Brunei Int'l,BWN,major,4.945475282276854,114.93311902920937
Guangzhou Baiyun Int'l,CAN,major,23.3891511573243,113.29751655217066
Carriel Sur Int'l,CCP,mid,-36.7763727437881,-73.06210617462139
Netaji Subhash Chandra Bose Int'l,CCU,major,22.645389378506415,88.44000101301965
Chittagong,CGP,mid,22.24556585857375,91.81471071623834
Christchurch Int'l,CHC,major,-43.48854867841038,172.53867556522317
Conakry,CKY,mid,9.574181158500823,-13.621065625167132
Hopkins Int'l,CLE,major,41.41119161249661,-81.83844060640457
Alfonso Bonilla Aragon Int'l,CLO,mid,3.5432863512321924,-76.38507147280909
Cotonou Cadjehon,COO,mid,6.3582465034691,2.383800072435198
Ingeniero Ambrosio L.V. Taravella Int'l,COR,mid,-31.31568116848888,-64.21231576708007
Rafael Nunez,CTG,mid,10.444938176491519,-75.51233495596824
Cancun,CUN,major,21.04019667144003,-86.87441725066944
General R F Villalobos Int'l,CUU,mid,28.70399849976794,-105.969204692629
Zia Int'l Dhaka,DAC,mid,23.84812432181269,90.40492415992367
Darwin Int'l,DRW,major and military,-12.40805599665558,130.8775014367739
Louis Botha,DUR,mid,-29.965914250828032,30.945708194088084
Lubumbashi Luano Int'l,FBM,mid,-11.5908,27.5292
Saiss,FEZ,mid,33.930525184467264,-4.982146376783026
Kinshasa N Djili Int'l,FIH,mid,-4.389168821975817,15.446516207456082
Freetown Lungi,FNA,mid,8.615423617263689,-13.200229678648256
Sunan,FNJ,mid,39.200177166765556,125.67532157120056
Vasilyevka,FRU,major,43.055452723330326,74.46880033990898
Sir Seretse Khama Int'l,GBE,mid,-24.558071808944057,25.92438082641467
Don Miguel Hidalgo Int'l,GDL,major,20.524686348517278,-103.30076622275178
Glasgow Int'l,GLA,major,55.86418285703546,-4.431677969951069
La Aurora,GUA,mid,14.588160829005092,-90.53018111137798
Simon Bolivar Int'l,GYE,mid,-2.1583379069913615,-79.88700964393296
Noi Bai,HAN,major,21.214559670724526,105.80375943680576
Jose Marti Int'l,HAV,major,22.99735333644277,-82.4074206289499
Borg El Arab Int'l,HBE,mid,30.91837127862389,29.692666015230046
King Abdul Aziz Int'l,JED,major,21.670685787812808,39.150499678044795
Kano Mallam Aminu Int'l,KAN,mid,12.045707160174642,8.522137183957666
Kashi,KHG,mid,39.537968630625755,76.01301480600748
Norman Manley Int'l,KIN,major,17.937575155275226,-76.77868976165765
Tribhuvan Int'l,KTM,mid,27.700281675160912,85.357139531668
Luanda 4 de Fevereiro,LAD,mid,-8.84831327917379,13.234795750269944
Pulkovo 2,LED,major,59.805406160189726,30.30709764546479
Allama Iqbal Int'l,LHE,mid,31.520629651820634,74.41088101817482
Kamuzu Int'l,LLW,mid,-13.788622823745978,33.78278850197883
Lagos Murtala Muhammed,LOS,major,6.5782594454046714,3.3211243528133374
El Alto Int'l,LPB,mid,-16.509879221397668,-68.17800552779448
Lusaka Int'l,LUN,mid,-15.326852250944736,28.44554432110191
Luxor,LXR,mid,25.673034778602332,32.70329708486226
Chennai Int'l,MAA,major,12.982530166915435,80.16377597315451
La Chinita Int'l,MAR,mid,10.555759468497213,-71.72376880946867
Jose Maria Cordova,MDE,mid,6.171001614358001,-75.4269557399772
Memphis Int'l,MEM,major,35.04441012400894,-89.98162803532371
Augusto Cesar Sandino Int'l,MGA,mid,12.144635873435028,-86.1712846229543
Mashhad,MHD,major,36.22755031349836,59.64219435740293
Miami Int'l,MIA,major,25.79494072124062,-80.2789718277441
Lic M Crecencio Rejon Int'l,MID,mid,20.933860386429597,-89.66302357364343
Luqa,MLA,major,35.848930794350125,14.495264455505483
Moi Int'l,MBA,major,-4.032652625796572,39.60266318703833
Moshoeshoe I Int'l,MSU,mid,-29.45557400461012,27.559216033361427
New Orleans Int'l,MSY,major,29.985114146062223,-90.25669394805942
Multan,MUX,major and military,30.195078090496487,71.41899543293198
Carrasco Int'l,MVD,major,-34.84104859885686,-56.026636146282
General Rafael Buelna Int'l,MZT,mid,23.16659609713445,-106.27001661788533
Nassau Int'l,NAS,major,25.048691060086554,-77.46484722909442
Ndjamena,NDJ,mid,12.129540018411483,15.03304463855593
Niamey,NIM,mid,13.476757280794157,2.1773067118412497
Mactan-Cebu Int'l,CEB,major,10.315875672729177,123.97913450866376
Nova Lisboa,NOV,mid,-12.802541457591508,15.749761845959533
Eppley Airfield,OMA,mid,41.29971114530123,-95.89941579531211
Nome,OME,mid,64.50722070266309,-165.44164171228104
Ouagadougou,OUA,mid,12.353580026047329,-1.5138053616511347
Mais Gate Int'l,PAP,mid,18.57568290542864,-72.29447802604733
Puebla,PBC,mid,19.16379354658405,-98.37575979042302
Portland Int'l,PDX,major,45.58895693153053,-122.5927388812541
Perth Int'l,PER,major,-31.941129794578288,115.9742249422326
H F Verwoerd,PLZ,mid,-33.98408774313735,25.611777756760176
El Tepual Int'l,PMC,mid,-41.433382070226884,-73.09838413364236
Pochentong,PNH,major,11.552644917651318,104.84502761245697
Pune,PNQ,major and military,18.579176611532837,73.90898381100165
Port Moresby Int'l,POM,major,-9.43865269316142,147.21125085597714
Tocumen Int'l,PTY,major,9.066872422658388,-79.38713482154378
Carlos Ibanez de Campo Int'l,PUQ,mid,-53.005069825517666,-70.84312378513243
Durham Int'l,RDU,major,35.8752323452255,-78.79138140067508
Mingaladon,RGN,major,16.90115428182508,96.13419461149468
Riga,RIX,major,56.922003878609694,23.979379111699508
Sanaa Int'l,SAH,mid,15.47390277557374,44.22464679025606
Baghdad Int'l,SDA,major,33.26816298637704,44.22891253529416
De Las Americas Int'l,SDQ,major,18.430219694817325,-69.67647267546673
Tan Son Nhat,SGN,major,10.816300557187912,106.66424614137476
Thessaloniki,SKG,major,40.52387368877751,22.976435361061277
Vrazhdebna,SOF,major,42.6891841273195,23.402452135770766
Surat,STV,major,21.120450329717173,72.74243843725891
Nausori Int'l,SUV,mid,-18.045899692285367,178.5600483699593
Shiraz Int'l,SYZ,major,29.545801384287437,52.58977127452107
Gen Francisco J Mina Int'l,TAM,mid,22.289331952506398,-97.8698137568394
Toncontin Int'l,TGU,mid,14.0599852192071,-87.21921163489864
Mehrabad Int'l,THR,major,35.69137433049459,51.32080697175721
Tirane Rinas,TIA,major,41.4208514680567,19.71503240497222
General Abelardo L Rodriguez Int'l,TIJ,major,32.54604991350133,-116.97547609559751
Jose Maria Morelos Y Pavon,TLC,mid,19.338688042303197,-99.5706494463542
Ulemiste,TLL,major,59.41650146974512,24.798964869982985
Ben Gurion,TLV,major,32.000746850184434,34.87084991809952
Sao Tome Salazar,TMS,mid,0.37474421369942695,6.712821930056672
Antananarivo Ivato,TNR,mid,-18.799334876308173,47.47535400095789
Tampa Int'l,TPA,major,27.980040085218384,-82.534824252055
Zim Valencia,VLN,mid,10.15400568839794,-67.9223617121873
Gumrak,VOG,mid,48.79167646576109,44.354767968489014
Vientiane,VTE,mid,17.975459594832063,102.5682381957277
Viru Viru Int'l,VVI,mid,-17.647946825783897,-63.14038882182134
Wellington Int'l,WLG,major,-41.32898918446593,174.81166526823756
Prince Rupert,YPR,mid,54.292,-130.445587
Windsor,YQG,mid,42.265878472719756,-82.96008773894485
Regina,YQR,mid,50.433219286718334,-104.65543397537115
Vancouver Int'l,YVR,major,49.19355903957153,-123.18086700381177
Winnipeg Int'l,YWG,major,49.90333024716708,-97.22676948095848
John G Diefenbaker Int'l,YXE,mid,52.170143944738115,-106.69018196755394
Whitehorse Int'l,YXY,mid,60.714152148139725,-135.07621008940154
Calgary Int'l,YYC,major,51.130857256754865,-114.01056050023648
Charlottetown,YYG,mid,46.28581313675246,-63.131234133323375
Churchill,YYQ,mid,58.7497237849788,-94.0813639506318
St John's Int'l,YYT,mid,47.61311790079545,-52.743333742863804
Yellowknife,YZF,mid,62.470737361020184,-114.43784633504919
Zagreb,ZAG,major,45.73332667309836,16.061513800901448
Zanzibar,ZNZ,mid,-6.218570346202824,39.22233198415581
Reykjavik Air Terminal,REK,mid,64.13187286099006,-21.94663440313274
Arkhangelsk-Talagi,ARH,mid,64.59674377304546,40.71334656945939
Kazan Int'l,KZN,major,55.60806014297645,49.29844580364066
Paris Orly,ORY,major,48.73130304580517,2.367379127837731
Quebec,YQB,major,46.79156843633076,-71.38392807117314
Montreal-Trudeau,YUL,major,45.45835122945313,-73.74931626504166
Narita Int'l,NRT,major,35.764056072782786,140.3844017091791
Chubu Centrair Int'l,NGO,major,34.85902969581623,136.81477128682428
Okadama,OKD,mid,43.11064959909785,141.38210045007517
Bergen Flesland,BGO,major,60.28906105029659,5.227253115623363
Tromso Langnes,TOS,major,69.67967904734776,18.907262429213173
Val de Caes Int'l,BEL,mid,-1.3897462879554638,-48.479560289379336
Campo Grande Int'l,CGR,mid,-20.45727173603113,-54.66894987813051
Afonso Pena Int'l,CWB,mid,-25.536000143055837,-49.173709366346884
Pinto Martins Int'l,FOR,mid,-3.7785949623309087,-38.540747249833416
Sao Paulo-Guarulhos Int'l,GRU,major,-23.42611557704206,-46.48175360884203
Santa Genoveva,GYN,mid,-16.632366572163658,-49.22664649059936
Salgado Filho Int'l,POA,mid,-29.990193017060918,-51.17704094881724
Gilberto Freyre Int'l,REC,mid,-8.131625530762387,-34.91826671748514
Deputado Luis Eduardo Magalhaes Int'l,SSA,mid,-12.914361497032587,-38.3347989911732
El Plumerillo,MDZ,mid,-32.82780016927193,-68.79848383944727
Eduardo Gomes Int'l,MAO,mid,-3.0321390062590967,-60.04606458988538
Yaounde Nsimalen Int'l,NSI,mid,3.7148452070812583,11.547994139680723
Shanghai Pudong Int'l,PVG,major,31.152309029553294,121.80151876057847
Marka Int'l,ADJ,mid,31.97419940154417,35.984105236244915
Male Int'l,MLE,major,4.188700903233721,73.52739028368441
Gen. Heriberto Jara Int'l,VER,mid,19.142423702501713,-96.18357021436948
Osvaldo Vieira Int'l,OXB,mid,11.888923145485485,-15.651185561666004
Francisco Bangoy Int'l,DVO,major,7.130537461630729,125.64506660943381
Seychelles Int'l,SEZ,mid,-4.671069141785209,55.51155192467932
Leopold Sedar Senghor Int'l,DKR,major,14.745630614674791,-17.490407907719003
Port Sudan New Int'l,PZU,mid,19.434105238523106,37.23874759810247
Tashkent Int'l,TAS,major,41.26223387673829,69.26661372411293
Copenhagen,CPH,major,55.628501722152784,12.64935086845077
Aeroportul National Bucuresti-Baneasa,BBU,mid,44.49704145597203,26.085725158776373
Ferihegy,BUD,major,47.43327426924795,19.26223016778808
Chongqing Jiangbei Int'l,CKG,major,29.724042224168777,106.63801970481096
Douglas Int'l,CLT,major,35.220428168559714,-80.94392773427626
Detroit Metro,DTW,major,42.22572045080041,-83.3478935065615
Dublin,DUB,major,53.42700828497004,-6.243884910371394
Fairbanks Int'l,FAI,major,64.81809811173692,-147.86572112079517
Hamburg,HAM,major,53.63200116408658,10.005647830925001
Kuala Lumpur Int'l,KUL,major,2.7475129579181066,101.71388632574273
Mccarran Int'l,LAS,major,36.08496023833674,-115.15132395128332
Orlando Int'l,MCO,major,28.431150679113763,-81.30737133079849
Minneapolis St. Paul Int'l,MSP,major,44.882026363196815,-93.20810037183008
Franz-Josef-Strauss,MUC,major,48.35383739616085,11.788062719243687
Philadelphia Int'l,PHL,major,39.876087236427,-75.2429857676998
Sky Harbor Int'l,PHX,major,33.43586076394977,-112.01363529772982
Salt Lake City Int'l,SLC,major,40.786729005370844,-111.98198487999271
Lambert St Louis Int'l,STL,major,38.742716315520354,-90.36595453506747
Okecie Int'l,WAW,major,52.171026749259035,20.97272633835865
Zurich Int'l,ZRH,major,47.45238950649155,8.562212795347646
Gosselies,CRL,mid,50.45712965495668,4.454373629816502
Munich Freight Terminal,MUCf,major,48.349796407837665,11.769482859365427
Barcelona,BCN,major,41.30315527974634,2.078003349812917
Ruzyn,PRG,major,50.10765117036714,14.267484985407632
Hong Kong Int'l,HKG,major,22.315332828086753,113.93501638737635
Taoyuan,TPE,major,25.076741104334637,121.23137045332327
Schiphol,AMS,major,52.30893238898217,4.764376932328117
Singapore Changi,SIN,major,1.3561608352812635,103.98641388099333
London Heathrow,LHR,major,51.47099587999384,-0.4531566520633094
Auckland Int'l,AKL,major,-37.00635511428146,174.79171943371517
Anchorage Int'l,ANC,major,61.17289367453669,-149.9817251006328
Hartsfield-Jackson Atlanta Int'l,ATL,major,33.64052908073521,-84.42539743360473
Beijing Capital,PEK,major,40.07876633633102,116.58817400466103
Eldorado Int'l,BOG,major,4.69883276192097,-74.14337180010278
Chhatrapati Shivaji Int'l,BOM,major,19.095101948840245,72.87456395000508
Gen E L Logan Int'l,BOS,major,42.366565819850564,-71.01640661729584
Baltimore-Washington Int'l Thurgood Marshall,BWI,major,39.17939435835678,-76.66864283524481
Cairo Int'l,CAI,major,30.11199043855749,31.39974300671137
Casablanca-Anfa,CAS,mid,33.56278838510788,-7.663218807711428
Simon Bolivar Int'l,CCS,mid,10.597354914606406,-67.00574880763165
Cape Town Int'l,CPT,major,-33.97044661203954,18.597656508313793
Chengdushuang Liu,CTU,major,30.581071264746427,103.95613648169501
Indira Gandhi Int'l,DEL,major,28.559203976058605,77.0878362565332
Denver Int'l,DEN,major,39.84946138815095,-104.67379733854197
Dallas-Ft. Worth Int'l,DFW,major,32.90015055948155,-97.04037107411442
Don Muang Int'l,DMK,major,13.920276601034733,100.60257862650514
Dubai Int'l,DXB,major,25.25256559381816,55.35407691722429
Newark Int'l,EWR,major,40.69047982789292,-74.1771472796706
Ministro Pistarini Int'l,EZE,major,-34.81364693803232,-58.54124569393822
Fort Lauderdale Hollywood Int'l,FLL,major,26.07170957468273,-80.14525884651891
George Bush Intercontinental,IAH,major,29.9865909034907,-95.33370479129466
Ataturk Hava Limani,IST,major,40.977838817779705,28.8195493087893
OR Tambo Int'l,JNB,major,-26.13209539948872,28.23198856487408
Juneau Int'l,JNU,mid,58.358944104595075,-134.5835730378724
Los Angeles Int'l,LAX,major,33.94417425435857,-118.40246854852198
Linate,LIN,major,45.46039384562522,9.279966296910612
Melbourne Int'l,MEL,major,-37.66994119678927,144.84899809113125
Lic Benito Juarez Int'l,MEX,major,19.435469572049442,-99.08260795142392
Ninoy Aquino Int'l,MNL,major,14.506832376296721,121.00412208343747
Jomo Kenyatta Int'l,NBO,major,-1.330529643506341,36.92508874903655
Honolulu Int'l,HNL,major,21.33202231502399,-157.91978317375475
Chicago O'Hare Int'l,ORD,major,41.97652910238031,-87.90513439065003
King Khalid Int'l,RUH,major,24.959031743651174,46.701829023464015
Arturo Merino Benitez Int'l,SCL,major,-33.396833634259714,-70.79368601629741
Tacoma Int'l,SEA,major,47.44358191272591,-122.30228972292387
San Francisco Int'l,SFO,major,37.61702508680535,-122.38347034444935
Hongqiao,SHA,major,31.187257431407843,121.34118378856714
Sheremtyevo,SVO,major,55.96644717251199,37.41596903484135
Toronto-Pearson Int'l,YYZ,major,43.68095951863564,-79.61141932474486
Kingsford Smith,SYD,major,-33.936583205771655,151.16606730560102
Helsinki Vantaa,HEL,major,60.31871589129821,24.968207866591406
Charles de Gaulle Int'l,CDG,major,49.01442009693855,2.5418677673945727
Berlin-Tegel Int'l,TXL,major,52.55442870441009,13.2903090925074
Vienna Schwechat Int'l,VIE,major,48.119756305253766,16.560767964212864
Frankfurt Int'l,FRA,major,50.05067708952074,8.571822869076076
Leonardo da Vinci Int'l,FCO,major,41.795078630739425,12.250100897363827
Osaka Int'l,ITM,major,34.790198084874866,135.4424752562494
Gimpo Int'l,GMP,major,37.55730053995078,126.80239286027584
Oslo Gardermoen,OSL,major,60.193578317138616,11.099103276258118
Juscelino Kubitschek Int'l,BSB,major,-15.869998500282428,-47.92078851336254
Congonhas Int'l,CGH,major,-23.626858827009997,-46.659115530219566
Rio de Janeiro-Antonio Carlos Jobim Int'l,GIG,major,-22.812343712500642,-43.248381379068306
Madrid Barajas,MAD,major,40.46812827339225,-3.569026654588628
Luis Munoz Marin,SJU,major,18.43807707349493,-66.00422997575475
Arlanda,ARN,major,59.65112033973721,17.930729901691585
Soekarno-Hatta Int'l,CGK,major,-6.126602955972902,106.65429615117164
Eleftherios Venizelos Int'l,ATH,major,37.93623312992537,23.94711605540731
