name,elevation,latitude,longitude
Mt. Everest,8848,27.98833333,86.92416667
Cerro Aconcagua,6962,-32.65333333,-70.01083333
Denali,6194,63.06944444,-151.00777778
Kilimanjaro,5895,-3.07583333,37.35166667
Pico Cristobal Colon,5700,10.83916667,-73.68638889
Mt. Logan,5959,60.56666667,-140.40388889
Volcan Pico de Orizaba,5636,19.03000000,-97.27083333
Vinson Massif,4892,-78.58333333,-85.41666667
Puncak Jaya,4884,-4.06333333,137.18583333
Gora El/brus,5642,43.35333333,42.43916667
Mont Blanc,4808,45.83250000,6.86444444
Kuh-e Damavand,5610,35.95583333,52.10861111
Kluchevskoy V.,4750,56.05416667,160.64083333
Nanga Parbat,8125,35.23916667,74.59083333
Mauna Kea,4205,19.82055556,-155.46805556
Jengish Chokusu,7439,42.03750000,80.12500000
Chimborazo,6267,-1.46916667,-78.81750000
Bogda Shan,5445,43.80166667,88.33250000
Namcha Barwa I,7782,29.62916667,95.05583333
Gunung Kinabalu,4095,6.07500000,116.55833333
Mt. Rainier,4392,46.85305556,-121.76027778
K2,8611,35.88250000,76.51333333
Volcan Tajumulco,4220,15.04333333,-91.90333333
Ras Dejen,4533,13.23583333,38.37083333
Pico Bolívar,4981,8.54166667,-71.04583333
Mt. Fairweather,4671,58.90638889,-137.52638889
Yu Shan,3952,23.47000000,120.95750000
Ngaliema,5109,0.38416667,29.87333333
Kangchenjunga,8586,27.70250000,88.14666667
Tirich Mir,7708,36.25416667,71.84333333
Mt. Cameroon,4040,4.21750000,9.17166667
Mt. Kenya,5199,-0.15083333,37.30750000
Gunung Kerinci,3805,-1.69666667,101.26416667
Mt. Erebus,3794,-77.53333333,167.16666667
Fujiyama,3776,35.36000000,138.72583333
Jebel Toubkal,4167,31.05916667,-7.91583333
Mt. Cook,3755,-43.60000000,170.13333333
Cerro Chirippo,3820,9.47583333,-83.51000000
Gunung Rinjani,3726,-8.41000000,116.45833333
Pico de Teide,3718,28.27305556,-16.63944444
Cerro San Valentin,4058,-46.59500000,-73.34583333
Gunnbjornsfjeld,3694,68.91666667,-29.90000000
Nevado Ojos del Salado,6893,-27.10916667,-68.54083333
Gunung Semeru,3676,-8.10750000,112.92250000
Finisterre Range HP,4125,-5.95388889,146.37500000
Ritacuba Blanco,5410,6.49416667,-72.29750000
Minya Konka,7556,29.59500000,101.87666667
Ararat,5137,39.70250000,44.30000000
Kongur Shan,7649,38.59416667,75.31333333
Mt. Blackburn,4996,61.73111111,-143.43527778
Mt. Hayes,4216,63.61972222,-146.71833333
Bulu Rantemario,3478,-3.38500000,120.02416667
Mt. Saint Elias,5489,60.29277778,-140.93111111
Pik Imeni Ismail Samani,7495,38.94250000,72.01500000
Dhaulagiri I,8167,28.69666667,83.49000000
Gora Belukha,4506,49.80750000,86.59000000
Cerro Mercedario,6720,-31.97916667,-70.11250000
Jebel an Nabi Shu/ayb,3666,15.27916667,43.97583333
Monte Etna,3323,37.75111111,14.99583333
Monte San Lorenzo,3706,-47.59166667,-72.30666667
Volcan Karisimbi,4507,-1.50833333,29.44500000
Volcan Lautaro,3580,-49.01916667,-73.50666667
Mt. Waddington,4019,51.37222222,-125.26222222
Pico del Mulhacén,3479,37.05444444,-3.31000000
Gunung Slamet,3428,-7.23916667,109.22000000
Kuh-e-Sabalaan,4811,38.26916667,47.83750000
Mt. Marcus Baker,4016,61.43722222,-147.75277778
Cerro del Bolson,5552,-27.21416667,-66.09416667
Sauyr Zhotasy,3840,47.04916667,85.56666667
Tomurty,4886,43.07333333,94.34666667
Yulong Xueshan HP,5596,27.09833333,100.17500000
Mt. Meru,4565,-3.24666667,36.74833333
Shiveluch V.,3307,56.65333333,161.36166667
Nanda Devi,7816,30.37666667,79.97083333
Ichinsky V.,3607,55.67833333,157.71833333
Batura Sar I,7795,36.51000000,74.52250000
Gunung Lawu,3265,-7.62750000,111.19416667
Mt. Siple,3110,-73.25000000,-126.10000000
Pico Duarte,3098,19.03166667,-71.00583333
Manaslu,8163,28.54916667,84.55750000
Mt. Whitney,4418,36.57833333,-118.29666667
Gunung Raung,3332,-8.12583333,114.04583333
Piton des Neiges,3069,-21.09833333,55.47666667
Xuelian Feng,6627,42.26166667,80.89000000
"Red Hill, Haleakala",3055,20.71000000,-156.25305556
Mt. Lucania,5226,61.02166667,-140.46527778
Volcan Popocatepetl,5410,19.02333333,-98.62666667
Gunung Agung,3031,-8.34083333,115.50333333
Gunung Binaiya,3027,-3.17333333,129.45500000
Pico Basilé,3011,3.58333333,8.76666667
Mt. Shasta,4317,41.40888889,-122.19472222
Koryaksky V.,3456,53.32083333,158.71250000
Kangkar Pünzum,7570,28.04833333,90.45416667
Mt. Stephenson,2987,-69.81666667,-69.71666667
Annapurna I,8091,28.59583333,83.82250000
Talghar Shyngy,4978,43.11833333,77.34083333
Mt. Suckling,3676,-9.66916667,149.01083333
Mt. Wilhelm,4509,-5.78000000,145.02916667
Foho Tatamailau,2963,-8.90666667,125.49333333
Mt. Apo,2954,6.98750000,125.27083333
Gyalha Peri,7294,29.81416667,94.96833333
Gunung Leuser,3466,3.79750000,97.21916667
Mt. Paget,2934,-54.45000000,-36.53333333
Monarch Mtn.,3555,51.90166667,-125.87500000
Mt. Pulog,2922,16.59750000,120.89916667
El Mela,4150,-28.86750000,-67.12750000
Emi Koussi,3415,19.79166667,18.55000000
Chakragil,6727,38.86583333,75.10833333
Kuh-e Taftan,3941,28.60000000,61.13250000
Jebel Ash Sham,3019,23.21250000,57.27833333
Shisha Pangma,8027,28.35333333,85.78000000
Pico de Neblina,2994,0.80666667,-66.00500000
Saramati,3826,25.74000000,95.03750000
Maromokotro,2876,-14.02333333,48.96583333
Shishaldin Volcano,2869,54.75527778,-163.96944444
Kuh-e Bandaka,6843,36.17916667,70.98333333
Moncong Lompobatang,2874,-5.34666667,119.93166667
Buni Zom,6542,36.15416667,72.32750000
Mt. Robson,3959,53.11000000,-119.15666667
Pico de Cano,2829,14.95083333,-24.34333333
Kamet I,7756,30.92000000,79.59166667
Rakaposhi,7788,36.14250000,74.48916667
Pico de Aneto,3404,42.63222222,0.65777778
Gunung Arjuna,3339,-7.76416667,112.58916667
Jiuding Shan,4969,31.54333333,103.85333333
Ruapehu,2797,-39.29000000,175.56333333
Gunung Careme,3078,-6.89333333,108.40666667
Qullai Istiqlol,7134,39.34250000,72.87750000
Gurla Mandhata,7694,30.43583333,81.29583333
Redoubt Volcano,3108,60.48472222,-152.74527778
Nevado Huascaran Sur,6746,-9.12166667,-77.60416667
Mt. Elbert,4399,39.11777778,-106.44527778
Nevado de Famatima,6097,-29.01416667,-67.82666667
Cerro Tupungato,6570,-33.35833333,-69.77000000
Pegunungan Arfak,2940,-1.15666667,133.98000000
Puncak Mandala,4760,-4.70833333,140.28916667
Mt. Francais,2760,-64.63333333,-63.45000000
Gunung Argopuro,3088,-7.96416667,113.56666667
Mawson Peak,2745,-53.10416667,73.51750000
Kuh-e Hazar,4500,29.51166667,57.27166667
Mt. Victoria,4038,-8.89250000,147.53333333
Kronotsky V.,3527,54.75250000,160.53250000
Mt. Sir Wilfrid Laurier,3516,52.80138889,-119.73138889
Gunung Tambora,2722,-8.24666667,117.95833333
Nevado de Colima,4270,19.56333333,-103.60833333
Mt. Balbi,2715,-5.90500000,154.99500000
Cerro el Manchao,4575,-28.25833333,-66.04083333
Fuyul Sojol,3030,0.57750000,120.20500000
Mt. Vancouver,4812,60.35861111,-139.69777778
Mt. Sir Sandford,3519,51.65666667,-117.86750000
Mt. Baker,3286,48.77666667,-121.81444444
Monte Cinto,2706,42.38000000,8.94722222
Gunung Kapalatmada,2700,-3.30000000,126.22000000
Muztagh Ata,7509,38.27833333,75.11583333
Pik Karla Marxsa,6723,37.16250000,72.48166667
Pik Dankova,5982,41.05916667,77.68333333
Chaine de la Selle,2680,18.36000000,-71.97666667
Nevado del Huila,5390,2.92416667,-76.02916667
Mt. Torbert,3479,61.40888889,-152.41388889
Cerro Tronador,3470,-41.16083333,-71.88750000
Pico de Bandeira,2890,-20.43416667,-41.79666667
Volcan Lanín,3740,-39.63750000,-71.50250000
Heyuan Feng,5289,43.43833333,86.08333333
Mt. Minto,4165,-71.78333333,168.75000000
Barbeau Peak,2616,81.92666667,-74.98666667
Kuh-e Dinar,4409,30.95166667,51.43750000
Mt. Kirkpatrick,4528,-84.33333333,166.41666667
Paektu-san,2744,41.99333333,128.07750000
Mt. Halcon,2582,13.26250000,120.99500000
Mt. Tagubud,2670,7.44500000,126.22666667
Monte Darwin,2580,-54.65916667,-69.59833333
Gunung Sumbing,3320,-7.38500000,110.07250000
Cerro Tamana,4100,5.16500000,-76.09500000
Yaomei Feng,6250,31.10666667,102.90166667
Koyo Zom,6872,36.73000000,73.24000000
San Jacinto Peak,3304,33.81333333,-116.67750000
Nevado Salcantay,6264,-13.33583333,-72.54916667
Mt. Oiautukekea,2536,-9.33416667,150.20583333
Altun Shan,5830,39.25083333,93.69666667
San Gorgonio Mtn.,3506,34.09916667,-116.82583333
Sante YeTerara Ch/af,4400,6.82583333,39.81750000
Disteghil Sar I,7885,36.32583333,75.18833333
Pidurutalagala,2524,7.00083333,80.77333333
Mt. Parry,2520,-64.26666667,-62.41666667
Mt. Sidley,4285,-77.03333333,-126.10000000
Charleston Peak,3633,36.27166667,-115.69555556
Jebel Marra,3042,12.93333333,24.22750000
Mt. Giluwe,4367,-6.04333333,143.88666667
Pavlof Volcano,2515,55.41944444,-161.89500000
Mt. Veniaminof,2507,56.21972222,-159.29833333
Mt. Oku,3011,6.20166667,10.51750000
Uludoruk,4136,37.48583333,44.00500000
Gora Alagordy,4622,45.04166667,80.25750000
Anai Mudi,2694,10.17000000,77.06083333
Corno Grande,2912,42.47000000,13.56722222
Mt. Adams,3742,46.20250000,-121.49111111
Musala,2925,42.17972222,23.58666667
Kuh-e Safed Khers HP,5326,38.09333333,71.09500000
Mt. Aspiring,3033,-44.38333333,168.73333333
Hung-Wang Shan HP,4330,26.14916667,102.91333333
Mogote Corralitos,3160,-31.31583333,-67.92333333
Skihist Mtn.,2968,50.18777778,-121.90333333
Mt. Elgon,4321,1.11833333,34.52500000
Masherbrum,7821,35.64000000,76.30583333
Mt. Hubbard,4557,60.31888889,-139.07277778
Cerro Tristeza,2596,10.08416667,-63.95833333
Psiloritis,2456,35.22666667,24.77250000
Pico Naiguata,2765,10.54333333,-66.78250000
Gora Bazardyuzi,4466,41.22166667,47.85833333
Nevado Illimani,6438,-16.63333333,-67.79083333
Mayon Volcano,2462,13.25583333,123.68583333
Gunung Dempo,3159,-4.01583333,103.12833333
Bairiga,6882,29.16583333,96.72416667
Pik Pobeda,3003,65.17555556,146.00750000
Kuh-e Chuk Shakh,5467,36.77833333,71.45166667
Mt. Katanglad,2938,8.11583333,124.92333333
Annapurna II,7937,28.53333333,84.12166667
Gunung Merbabu,3145,-7.45500000,110.44000000
Mt. Ratz,3090,57.39305556,-132.30305556
Canlaon Mtn.,2430,10.41000000,123.13000000
Mt. Chamberlin,2749,69.27694444,-144.91166667
Nevado Sajama,6542,-18.10833333,-68.88333333
Pangrango,3019,-6.76916667,106.96500000
Grossglockner,3798,47.07416667,12.69444444
Roque de los Muchachos,2423,28.75472222,-17.88500000
Erciyes Dagi,3917,38.53500000,35.45083333
Mt. Odin,2970,50.55166667,-118.13000000
Nun,7135,33.98000000,76.02166667
Mt. Monashee,3274,52.38527778,-118.94000000
Jebel Katarina,2629,28.51166667,33.95250000
Cotopaxi,5896,-0.68083333,-78.43833333
Kuh-e Zendan,3503,28.07583333,60.01083333
Iliamna Volcano,3053,60.03194444,-153.09027778
Pik Abu Ali Ibn Sino,6940,38.51000000,72.35416667
Dhaulagiri II,7751,28.76250000,83.38916667
Qornet es Saouda,3087,34.30083333,36.11666667
Thabana Ntlenyana,3482,-29.46833333,29.26916667
Mt. Olympus,2429,47.80138889,-123.71083333
Mt. Columbia,3741,52.14722222,-117.44138889
Makalu,8485,27.89000000,87.08833333
Galdhøpiggen,2469,61.63666667,8.31500000
Poco Mandasawu,2370,-8.65166667,120.44833333
Kertau,3282,45.74250000,82.75750000
Le Kartala,2361,-11.75666667,43.36166667
Mt. Queen Bess,3298,51.27166667,-124.56833333
Olympos Oros,2919,40.08277778,22.35111111
Mt. Miller,4160,-83.33333333,165.80000000
Jargalant Hayrhan,3796,47.68750000,92.56333333
Gora Kazbek,5034,42.69916667,44.51833333
Gerlach,2655,49.16416667,20.13583333
Yangra Kangri,7422,28.39250000,85.13000000
Gora Khurumdy,6610,39.45500000,73.56666667
Mt. Cook,4196,60.18638889,-139.97694444
Ponta do Pico,2351,38.46888889,-28.39888889
Mt. Hood,3426,45.37361111,-121.69583333
Volcan Llullaillaco,6739,-24.72000000,-68.53666667
Profitis Ilias,2404,36.95388889,22.35222222
Mt. Sanford,4949,62.21361111,-144.13111111
Nayramadlin Orgil,4374,49.14583333,87.81916667
Hans Meyer Range,2340,-4.40083333,152.93833333
Cho Oyu,8188,28.09666667,86.66000000
Alaid V.,2339,50.86083333,155.56416667
Tekilik Shan,5470,36.52166667,80.31500000
Ledyakaya,2453,61.88805556,171.16750000
Demirkazik Tepe,3756,37.79750000,35.15916667
Mt. Tom White,3417,60.65194444,-143.69750000
Popomanaseu,2335,-9.70361111,160.06194444
Mt. Ulawun,2334,-5.05083333,151.33083333
Tahat,2908,23.28750000,5.52916667
Mt. Lister,4025,-78.06666667,162.68333333
Gunung Ophir,2912,0.07916667,99.98416667
Mt. Cooper,3094,50.18333333,-117.20000000
Sapitwa Peak,3002,-15.95000000,35.59083333
Mt. Gaudry,2315,-67.53333333,-68.61666667
Farallones de Cali,4050,3.34416667,-76.69583333
Mt. Taranaki,2518,-39.29583333,174.06500000
Wheeler Peak,3982,38.98583333,-114.31388889
Hotaka-dake,3190,36.28916667,137.64805556
Saser Kangri I,7672,34.86500000,77.75250000
Mt. Irving,2300,-61.28333333,-54.13333333
Sikaram Sar,4755,34.03833333,69.90250000
Pik Sat,5900,39.23583333,71.91083333
Asahi-dake,2290,43.66361111,142.85416667
Mt. Malindang,2404,8.21750000,123.63666667
Mt. Ulysses,3024,57.34638889,-124.09277778
Cerro Marahuaca,2832,3.66000000,-65.40666667
Haramosh,7406,35.84000000,74.89750000
Glacier Peak,3213,48.11194444,-121.11305556
Mt. Kabangama,4104,-6.06083333,144.61583333
Cerro Nevado,3810,-35.58083333,-68.49000000
Finsteraarhorn,4274,46.53722222,8.12611111
Farallones de Citara,4050,5.75916667,-76.06166667
Beerenberg,2277,71.08333333,-8.15000000
Kackar Dagi,3932,40.83666667,41.16333333
Monte Melimoyu,2440,-44.07583333,-72.86000000
Shir Kuh,4050,31.60583333,54.06833333
Dashennongjia,3100,31.44000000,110.30750000
Gora Chimtarga,5489,39.19583333,68.19583333
Mt. Kimball,3155,63.23861111,-144.64388889
Wildspitze,3768,46.88527778,10.86722222
Otgon Tenger Uul,4000,47.60833333,97.55250000
Bulu Kandela,2870,-1.29916667,121.54250000
Blue Mountain Peak,2256,18.04666667,-76.57916667
Doda Betta,2636,11.40250000,76.73750000
Monte Roraima,2723,5.20222222,-60.73527778
Wedge Mtn.,2892,50.13333333,-122.79333333
Cerro Calima,3840,4.06916667,-76.52416667
Otter Mtn.,2692,56.00666667,-129.69277778
Mt. Orohena,2241,-17.56666667,-149.46666667
Karun Kuh,6977,36.61000000,75.08083333
Kita-dake,3192,35.67416667,138.23666667
Nyainqêntanglha Feng,7162,30.36750000,90.58500000
P. 2390,2390,-43.29500000,-72.52583333
Piz Bernina,4049,46.38222222,9.90805556
Kawagebo,6740,28.43833333,98.68333333
Taibai Shan,3750,33.95500000,107.76333333
Kangze/gyai,5808,38.50000000,97.72500000
Pik Semionova Tien-Shanskogo,4895,42.50583333,74.58083333
Pik BAM,3072,56.86416667,117.57500000
Volcan Domuyo,4708,-36.63750000,-70.43250000
Monte Zeballos,2700,-47.03500000,-71.69833333
Mt. Kosciuszko,2228,-36.45583333,148.86472222
Vol. Nevado de Toluca,4690,19.10166667,-99.76750000
Ch/ok/e Terara,4100,10.71333333,37.84833333
Mt. Griggs,2332,58.35388889,-155.09500000
Kwatna Peak,2290,52.07000000,-126.95944444
Shikar Beh,6200,32.41750000,77.07083333
Huatou Jian,4750,28.72916667,102.37916667
Gunung Mekongga,2650,-3.66500000,121.23583333
Pegunungan Kobowre,3750,-3.87083333,135.87083333
Sepu Kangri,6956,30.90416667,93.78750000
Mt. Foraker,5304,62.96027778,-151.40027778
Zhupanovsky V.,2923,53.58833333,159.14833333
Outlook Peak,2210,79.74000000,-91.40000000
Nevado Coropuna,6405,-15.54583333,-72.66083333
Argun,3418,6.10583333,36.74250000
Cerro Champaqui,2770,-31.98750000,-64.93666667
Ngoc Linh,2598,15.06916667,107.97500000
Cordillera de Ansilta,5887,-31.62583333,-69.87666667
Milne Land HP,2200,70.78333333,-26.66666667
Kangtö,7060,27.86500000,92.53250000
Golden Hinde,2195,49.66666667,-125.75000000
Malubiting West,7453,36.00166667,74.87583333
White Mtn. Peak,4342,36.16972222,-117.08916667
Mt. Tutoko,2723,-44.60000000,168.00000000
Mt. Ostry Tolbachik,3672,55.83083333,160.32583333
Süphan Dagi,4058,38.93166667,42.83416667
Dansketinden,2839,72.11666667,-24.90000000
Mt. Crillon,3879,58.66277778,-137.17472222
Mt. Jackson,3184,-71.38333333,-63.36666667
Cerro Pintado,3660,10.33833333,-72.90416667
Hochkönig,2941,47.42027778,13.06250000
Cerro Tiotepec,3550,17.46833333,-100.13750000
Keele Peak,2972,63.43138889,-130.32388889
Scud Peak,2987,57.24111111,-131.16750000
Golem Korab,2764,41.79111111,20.54777778
Nevado de Chañi,5930,-24.06333333,-65.74583333
Cerro Aucanquilcha,6176,-21.22083333,-68.46833333
Dufourspitze,4634,45.93694444,7.86694444
Mauna Loa,4169,19.47555556,-155.60555556
Saltoro Kangri I,7742,35.40500000,76.84750000
Norin Kang,7206,28.94833333,90.17833333
Gannett Peak,4208,43.18416667,-109.65361111
Cloud Peak,4013,44.38194444,-107.17416667
Gasherbrum I,8080,35.72583333,76.69500000
Razorback Mtn.,3183,51.59000000,-124.69166667
Kangju Kangri,6725,33.72333333,78.52833333
Mt. Victoria,3070,21.23333333,93.90333333
Mt. Odin,2147,66.55000000,-65.43333333
Cerro el Libertador,6380,-24.93166667,-66.39083333
Monte Pissis,6795,-27.75583333,-68.79916667
Gora Tebulosmta,4493,42.57333333,45.31750000
Mt. Takahe,3460,-76.28333333,-112.08333333
Aragats Lerrnagagat,4090,40.52416667,44.19666667
Tanete Gandangdewata,3074,-2.74833333,119.36833333
Gunung Tahan,2187,4.63250000,102.23416667
Cerro el Nacimiento,3710,16.21166667,-96.19583333
Cerro Picacho del Diablo,3110,30.99083333,-115.37500000
Hoher Dachstein,2995,47.47527778,13.60638889
Ghamubar Zom,6518,36.59000000,73.34166667
Ich Obo,3802,44.79916667,95.24000000
Marmolada,3343,46.43472222,11.85083333
Gunung Liman,2563,-7.82500000,111.76083333
"North Buttress, Mt. Hesperus",2996,61.80388889,-154.14472222
Shah Fuladi,5060,34.64333333,67.62500000
Mt. Farnham,3493,50.48833333,-116.48666667
Kimhandu,2653,-7.09250000,37.61833333
Kinyeti,3187,3.94583333,32.91000000
Hvannadalshnukur,2119,64.01583333,-16.67472222
Mt. Madiac,2117,11.38916667,122.16166667
Gunung Marapi,2891,-0.38000000,100.47416667
Cerro de la Majadita,6280,-30.42000000,-69.78083333
Buku Sibela,2111,-0.73666667,127.52416667
Yuzhno Muiskyy Khrebet HP,3067,55.97416667,114.43916667
Cerro Marmolejo,6108,-33.73500000,-69.87833333
Mt. Foster,2105,-63.00000000,-62.55000000
Palup Qaqa,2105,71.33333333,-52.81666667
Mt. Bona,5045,61.38527778,-141.75055556
Barkol Shan,4320,43.38166667,93.35583333
Mt. Markham,4350,-82.85000000,161.35000000
Gunung Cikuray,2820,-7.32250000,107.86000000
Parîngul Mare,2519,45.34111111,23.54055556
Mt. Vsevidof,2103,53.12333333,-168.69222222
Kuh-e Shab,2681,27.43166667,55.13416667
Oscar Peak,2336,54.92833333,-129.06000000
Helan Shan HP,3540,38.83333333,105.95000000
Pic Macaya,2347,18.38250000,-74.02500000
Pik Skalistiy,5621,39.61916667,70.72000000
Zard Kuh,4200,32.36500000,50.07750000
Montaña de Santa Barbara,2744,14.91333333,-88.11416667
Parbati Parbat,6633,32.08916667,77.73333333
Lamo-She,6070,29.94916667,102.05000000
Cordillera Castillo,2675,-46.06500000,-72.20750000
Mt. Assiniboine,3616,50.87000000,-115.65000000
Nevado Auzangate,6372,-13.79083333,-71.23250000
Mt. Mantaling,2085,8.81833333,117.67500000
Kuh-e Fareghan,3240,27.88666667,56.34750000
Oldoinyo Lesatima,4001,-0.31166667,36.61416667
Montaña de Celaque,2849,14.53416667,-88.68000000
Phu Bia,2830,18.98083333,103.15166667
Mt. Jancowski,2729,56.33722222,-129.98166667
Nevado Cayembe,5790,0.02500000,-77.98916667
Dunheger,3315,45.19250000,90.90666667
Cerro Altar,5319,-1.66333333,-78.40916667
Cerro Pircas,4380,-31.70750000,-69.15666667
Cord. Vilcababna Norte HP,4150,-12.37583333,-73.61750000
Opala V.,2460,52.54333333,157.33916667
Payers Tinde,2320,73.13333333,-26.36666667
Pontan,2798,-22.42833333,-44.84333333
Cerro Maca,2300,-45.10583333,-73.16916667
Chomolhari,7050,27.82416667,89.26916667
Monte Viso,3841,44.66750000,7.09083333
Chamar,7165,28.55333333,84.94500000
Amba Farit,4270,10.95166667,39.10333333
Mt. Drum,3661,62.11583333,-144.64000000
Nevado Sara Sara,5505,-15.33000000,-73.44750000
Queen Mary/s Peak,2060,-37.11111111,-12.28833333
Medetsiz Tepe,3524,37.39416667,34.63166667
Gora Georgia Pobedonosca,2896,-69.00000000,71.00000000
Xuebao Ding,5588,32.67583333,103.84666667
Gladsheim Peak,2830,49.78333333,-117.62666667
Nakanai Mtns. HP,2316,-5.18666667,151.83500000
Mt. Murphy,2705,-75.33333333,-110.73333333
Chu Yang Sin,2420,12.40583333,108.42416667
Gunung Tumpu,2565,-1.06583333,122.19166667
Triglav,2864,46.37805556,13.83694444
Mt. Hanang,3420,-4.43500000,35.40000000
Sibuyan Island HP,2050,12.41666667,122.56916667
Varful Moldoveanu,2544,45.60000000,24.73777778
Barre des Écrins,4102,44.92250000,6.36000000
Mt. Dawson,3377,51.15138889,-117.42055556
Ellesmere Peak,2347,78.80000000,-79.53250000
Daxue Shan,3500,24.11166667,99.64000000
Api,7132,30.00666667,80.92916667
Loolmalassin,3682,-3.05000000,35.81916667
Monte Sarmiento,2187,-54.45000000,-70.84000000
Pakhnes,2453,35.29250000,24.03333333
Maja e Jezercës,2694,42.44250000,19.81416667
Pauhunri,7128,27.95333333,88.84250000
Nevado del Ruiz,5300,4.89166667,-75.32333333
Kuh-e Genu,2350,27.42583333,56.17250000
Mt. Chiginagak,2111,57.13333333,-156.98611111
Cerro Yerupaja,6617,-10.26888889,-76.90527778
Sulamutag Feng,6245,37.91333333,87.38916667
Gunung Matebeanfeto,2372,-8.64166667,126.59583333
Serrania Guanay,2392,5.76583333,-66.19166667
Noshaq,7492,36.43166667,71.82833333
Volcan San Pedro,6145,-21.88750000,-68.39166667
Gunung Mulu,2376,4.04583333,114.93000000
Pico de São Tomé,2024,0.26750000,6.54333333
Tapuae-o-Ueneku,2884,-41.99583333,173.66250000
Säntis,2503,47.24944444,9.34333333
Kawarani,5992,31.45250000,100.22333333
Bukit Raya,2300,-0.65916667,112.68833333
Volcan Socompa,6051,-24.39583333,-68.24583333
High Peak,2037,15.48166667,120.12083333
Mt. Valpy,2219,54.27500000,-129.05638889
Guge,3568,6.19750000,37.38083333
Cerro Paine Grande,2700,-51.00750000,-73.09583333
Athos,2030,40.15888889,24.32833333
Cordillera del Condor HP,2950,-3.29500000,-78.32500000
Perserajoq,2259,71.40000000,-51.96666667
Kuh-e Belandtarin,6286,37.14583333,73.21500000
Mt. Edith Cavell,3363,52.66666667,-118.05000000
Pegunungan Gauttier,2230,-2.57083333,138.67416667
Pico Turquino,2005,19.99000000,-76.83666667
Cerro Norte,2950,-49.75833333,-73.02388889
Gora DykhTau,5205,43.05250000,43.13500000
Alsek Peak,2716,60.03222222,-137.59055556
Ge/nyen,6204,29.80750000,99.60583333
Hawkes Heights,2000,-73.53333333,169.70000000
Nevado Ampato,6288,-15.82166667,-71.87916667
Grand Teton,4197,43.74111111,-110.80250000
Yao Shan,4050,27.21333333,103.07750000
Surukwat Kangri,6792,36.28833333,76.38833333
Gunong Yong Belar,2180,4.65000000,101.36166667
Volcan de Agua,3761,14.46583333,-90.74333333
Mt. Cairnes,2810,60.86805556,-138.27638889
Cerro Parinacota,6342,-18.16583333,-69.14166667
Gora Tardoki-Yani,2090,48.89666667,138.05333333
Oshtoran Kuh,4139,33.33916667,49.30333333
Pegunungan Wondiwoi,2180,-2.73333333,134.58416667
Soviet Officers Peak,6233,38.42416667,73.30250000
Tengu-dake,1982,33.76666667,133.11416667
Chatsquot Mtn.,2365,53.14222222,-127.47722222
Tergun Bogd,3957,44.99500000,100.23083333
Tope de Coroa,1979,17.03333333,-25.29583333
K12,7428,35.29500000,77.02166667
Reo Purgyil,6816,31.88472222,78.73555556
Buckwell Peak,2721,59.41861111,-136.76527778
Kuh-e Palvar,4229,30.07000000,57.46583333
Kambalny V.,2161,51.30583333,156.87583333
Double Cone,2319,-45.07083333,168.80861111
Saraghrar,7338,36.54750000,72.11666667
Kuh-e Nay Band,2960,32.44083333,57.36916667
Khvoshkuh,2650,27.61333333,56.66916667
Gunung Murud,2423,3.90500000,115.48833333
Bey Daglari,3070,36.60250000,30.12166667
Huanggang Shan,2170,27.86083333,117.78416667
Nevado Chachani,6057,-16.19416667,-71.53166667
K6,7282,35.41666667,76.55083333
Pik Patkhor,6080,37.88916667,72.18916667
Dradullungshog,6282,34.79833333,99.46250000
Cerro las Conchas,2890,18.72000000,-102.97333333
Lapche Kang,7367,28.30416667,86.35083333
Volcan Antofalla,6440,-25.56250000,-67.88083333
Ancohuma,6427,-15.85333333,-68.54083333
Paramo Frontino,3950,6.45666667,-76.12250000
Ortlés,3905,46.50888889,10.54472222
Olympos,1952,34.93833333,32.86111111
Cerro Fitzroy,3405,-49.27166667,-73.04666667
Serra Imeri,2500,0.49083333,-65.33333333
Mt. Isarog,2000,13.65916667,123.37333333
Angilaaq Mtn.,1951,73.22833333,-78.62083333
Nenang,6870,30.30333333,93.64916667
Mt. Matutum,2286,6.36000000,125.07583333
Monte Baldo,2218,45.72638889,10.84388889
Renland HP,2200,71.33333333,-26.33333333
Serra Tulu Tuloi,2140,1.19583333,-63.80000000
Gunung Benum,2107,3.82333333,102.09416667
Halla-san,1950,33.36166667,126.52916667
Sacajawea Peak,2999,45.24500000,-117.29277778
Pico de las Nueves,1949,27.96388889,-15.56583333
Pulau Sangeang,1949,-8.19666667,119.07000000
Mt. Kilkerran,1947,-9.46166667,150.76833333
Cerro Palpana,6040,-21.54666667,-68.52250000
Liushi Shan,7167,35.31583333,80.91583333
Richmond Peak,3595,-75.80000000,-115.81666667
Volcan Calbuco,2015,-41.33000000,-72.61833333
Cerro Mellizo Sur,3300,-48.55500000,-73.14083333
Kuh-e Hami,3190,30.49250000,50.89916667
Ulugh Muztagh,6973,36.41250000,87.38500000
Neacola Mtns. HP,2873,60.79861111,-153.39388889
Sanset,4745,33.68000000,74.54083333
Lunpo Gangri,7095,29.83333333,84.61333333
Gora Radzhi-Bek,5735,38.42500000,72.76000000
Malinche,4430,19.23166667,-98.03250000
P. 2486,2486,-70.58333333,-70.16666667
Kings Peak,4123,40.77638889,-110.37277778
Mt. Priestley,2359,55.22944444,-128.87222222
Cerro Sosneado,5189,-34.75416667,-69.97166667
Miyanoura-dake,1936,30.33583333,130.50250000
P. 5841,5841,28.90416667,98.38416667
Mt. Graham,3267,32.70166667,-109.87083333
Torre de Cerredo,2648,43.19805556,-4.85111111
Hsueh Shan,3884,24.38333333,121.23000000
Phu Luong,2985,21.57083333,104.30666667
Gelai Peak,2948,-2.61333333,36.10333333
Pik Mus-Khaya,2959,62.60333333,140.93916667
Mt. Murchison,3501,-73.41666667,166.30000000
Cerro Payún Matru,3810,-36.51416667,-69.28583333
Buka Daban Feng,6860,36.02416667,90.86583333
Hasan Dagi,3268,38.12750000,34.16666667
Nanfengmian,2140,26.31333333,114.03666667
Nemjung,7140,28.73500000,84.41666667
Ak Tag,6748,36.72416667,84.60166667
Sahuasiray,5818,-13.21333333,-71.99000000
Gora Khuvkhoitun,2616,57.92083333,160.67583333
Ramlo,2248,13.39083333,41.72750000
Sierra la Laguna HP,2090,23.53916667,-109.95416667
Devon Icecap HP,1920,75.34777778,-82.17388889
Huang Guan Shan,7295,36.10833333,76.21250000
Mt. Banahao,2170,14.06750000,121.49250000
Cerro Malcante,5100,-25.07500000,-65.85166667
Aka-dake,2899,35.97083333,138.36916667
Yam-Alin Range HP,2370,53.60666667,134.57500000
Shakangsham,6822,31.69666667,85.06333333
Yusupu Aleketag Shan,6065,38.19000000,88.90833333
Hkaru Bum,3677,27.14500000,98.15166667
Sharks Teeth Peaks,2304,53.00722222,-127.24000000
Miranjan,2981,34.10333333,73.40750000
Gya,6794,32.52583333,78.40000000
Cerro del Toro,6168,-29.13000000,-69.78666667
Abune Yosef,4260,12.14083333,39.18166667
Kichatna Spire,2739,62.42305556,-152.72555556
Detour Peak,2550,59.84222222,-137.58555556
Sierra la Madera HP,3030,27.03416667,-102.39166667
Nuaf Nefomasi,2351,-9.56083333,124.23000000
Ighil M/Goun,4071,31.50833333,-6.44333333
Daliang Shan HP,4041,27.89416667,103.23666667
Mt. San Antonio,3068,34.28833333,-117.64833333
Pyramiden/Hoeyriggen,1904,70.11666667,-53.40000000
Koudiet Tirbirhine,2456,34.83916667,-4.51666667
Cerro Arenales,3437,-47.19583333,-73.46833333
Bon Irau,2500,-0.66166667,132.88916667
Pt. 8084,2464,60.83027778,-145.13194444
Ymers HP,1900,73.15000000,-24.31666667
Cerro Pular,6233,-24.20083333,-68.06666667
Volcan Osorno,2661,-41.10416667,-72.49583333
Haku-san,2702,36.15416667,136.77000000
Mt. Piora,3557,-6.72583333,145.98833333
P. 6588,6588,42.03666667,80.50416667
Pogromni Volcano,1991,54.56805556,-164.69972222
Baintha Brakk I,7285,35.94750000,75.75333333
Gran Paradiso,4061,45.51805556,7.26722222
Chokai-san,2236,39.09916667,140.05083333
Mt. Douglas,2149,58.85916667,-153.53527778
Sierra de los Cuchaniantes HP,3837,15.51916667,-91.54500000
"Mt. Goodsir, South Tower",3567,51.20166667,-116.39666667
Mt. Bosavi,2507,-6.61416667,142.82666667
Telescope Peak,3367,37.63416667,-118.25555556
Cerro Tia Chena,2630,26.12000000,-100.55666667
Cerro Balmaceda,2035,-51.41750000,-73.19750000
Mt. Peale,3877,38.43861111,-109.22916667
Traill HP,1884,72.71666667,-24.06666667
Mt. Karoma,3623,-5.72250000,142.49500000
Kuh-e Shahvar,3890,36.57916667,54.76416667
Pegunungan Pompangeo,2590,-1.68416667,120.99833333
Cerro la Joya,2930,21.43083333,-99.13250000
Mt. Tabwemasana,1879,-15.36250000,166.75500000
Bangong,6260,33.48166667,79.33666667
Cerro Pinaculo,2160,-50.76000000,-72.25583333
Xiannairi,6032,28.39666667,100.34916667
Pizzo di Coca,3050,46.07166667,10.01138889
Yotei-zan,1898,42.82666667,140.81138889
Pt. 8010,2441,61.16055556,-144.81305556
Pegunungan Cycloop,2000,-2.50666667,140.52500000
Dofana,5940,35.54083333,74.88166667
Pic Boby,2658,-22.19500000,46.88500000
Cima Dodici,2336,45.99750000,11.46805556
Mt. Washington,1917,44.27027778,-71.30333333
Volcan Irazu,3402,9.97666667,-83.85416667
Borgora,5248,43.57916667,85.11916667
P. 5120±,5120,36.25583333,69.79500000
Silvertip Mtn.,2596,49.16000000,-121.21833333
Kanjiroba,6883,29.37833333,82.63916667
Kuh-e Siah Khvani,3314,36.28083333,59.04916667
Killini Oros,2376,37.93972222,22.39694444
Montaña Peña Blanca,3518,15.50000000,-91.91583333
Mt. Igikpak,2523,67.41305556,-154.96638889
Snow Tower,2003,58.17305556,-133.40166667
Cerro San Rafael,3710,25.36416667,-100.55750000
Yuhe Kangri,6327,29.11500000,97.07750000
Mt. Simpson,2883,-10.03500000,149.56916667
Seven Sisters Peaks,2747,54.96750000,-128.23194444
Pico Ruivo,1861,32.76388889,-16.92583333
Munkh Hayrhan,4231,46.89000000,91.47333333
Mauga Silisili,1858,-13.61833333,-172.48583333
Myinmoletkat Taung,2072,13.46666667,98.80500000
Mt. Mitchell,2037,35.76472222,-82.26500000
Oros Ossa,1978,39.79694444,22.68694444
P. 5608,5608,34.55500000,75.83666667
Mt. Saugstad,2908,52.25333333,-126.51500000
Gunung Klabat,1990,1.45333333,125.03083333
Mont Ross,1850,-49.59222222,69.49583333
Victoria Peak,2163,50.05472222,-126.10083333
Truuli Peak,2015,59.91277778,-150.43583333
Volcan Acatenango,3976,14.50083333,-90.87500000
Doi Inthanon,2576,18.58833333,98.48750000
Chiantar Sar,6416,36.72666667,73.89083333
Humphreys Peak,3851,35.34638889,-111.67805556
Macizo Nevado,2100,-43.54416667,-72.20333333
Wuzhi Shan,1840,18.89833333,109.70416667
Volcan de San Miguel,2130,13.43500000,-88.26916667
Mt. Hilong-hilong,1920,9.09666667,125.70500000
Nevado Cotacachi,4944,0.36083333,-78.34916667
Cerro Napi,3860,2.37833333,-77.43333333
P. 4030,4030,26.15833333,103.23583333
Saliente del Rio Guape,4180,3.71500000,-74.04250000
Gora Dyul/tydag,4127,41.96000000,46.92333333
La Marmora,1834,39.98805556,9.32416667
Mt. Kunugui,1833,-4.67666667,145.97750000
Kuh-e Parau,3360,34.41833333,47.24333333
Brian Boru Peak,2507,55.07388889,-127.57416667
Mt. Victory,1891,-9.20000000,149.07166667
Serra dos Orgaos,2250,-22.35500000,-42.58500000
Eshdeger Range HP,2920,33.53333333,57.22750000
Serra da Mocidade,1980,1.74666667,-61.79250000
Borah Peak,3859,44.13750000,-113.78111111
Howson Peak,2759,54.41861111,-127.74388889
Makushin Volcano,1829,53.88555556,-166.93305556
Atna Peak,2724,53.93972222,-128.04555556
Kuhha-ye Alborz,4805,36.37583333,50.96250000
Gunung Api,1827,2.78083333,125.40666667
Cerro Mishahuanga,4118,-6.37416667,-79.23750000
Kuh-e Sahand,3707,37.73083333,46.50000000
Tsaydaychuz Peak,2758,53.02166667,-126.64000000
Gora Alney,2598,56.69250000,159.64500000
Mt. Natazhat,4095,61.52166667,-141.10305556
Saipal,7030,29.89083333,81.49500000
Loi Leng,2673,22.64250000,98.07416667
Shayaz Zom,6050,36.64833333,72.82833333
Dola Koyakoya,1821,-8.22083333,125.02083333
Kaputzhukh Lerr,3905,39.15916667,46.00583333
Parnaqussuit Qavaat HP,1860,66.43333333,-52.91666667
Volcan Llaima,3125,-38.69583333,-71.73166667
Verkhne-Angarskiy Khrebet HP,2641,56.35583333,111.64750000
Tjatja V.,1819,44.35333333,146.24750000
Moroto,3083,2.52500000,34.77250000
Chikurachki V.,1816,50.32333333,155.46083333
Shah Dok,6320,36.43666667,72.86083333
Hanagita Peak,2592,61.06694444,-143.70833333
Obasta Tsukai,3441,31.68250000,69.93750000
Monte Amaro,2795,42.08694444,14.08750000
Gora Addala Shukgelmezr,4152,42.33833333,46.25166667
Mt. Forel,3391,66.93333333,-36.81666667
North Kodar Group HP,2966,57.12166667,117.98833333
Khodutka V.,2089,52.06250000,157.71000000
Harhiraa Uul,4040,49.57000000,91.38583333
Manam Island HP,1807,-4.07750000,145.03916667
P. 4810±,4810,42.54333333,85.34416667
Severo-Chuyskiy Khrebet HP,4177,50.06250000,87.56416667
Tanaga Volcano,1806,51.88250000,-178.14388889
Nyönno Ri,6724,28.20333333,87.60750000
Yarla Shampo,6636,28.80000000,91.96500000
Mor Dagi,3800,37.75500000,44.32000000
Bukit Mugajah,3079,4.25166667,97.42083333
Mt. Supernal,3655,-73.06666667,165.70000000
Mt. Hermon,2814,33.41333333,35.85666667
Mamostong Kangri,7516,35.14083333,77.57750000
Mt. Mangabon,2480,8.59833333,125.09833333
Konigstein,2606,-21.14916667,14.57750000
Gunung Sibuatan,2457,2.91833333,98.42333333
Kootenay Mtn.,2456,49.24083333,-116.82250000
Bukii Dako,2260,1.06166667,120.93500000
Thalo Zom,6050,35.81583333,72.28833333
Cerro Anexo,2480,-42.37194444,-71.76666667
Abra la Esperanza,3660,-10.42916667,-75.41916667
Manakau,2608,-42.22500000,173.61833333
Shedin Peak,2588,55.93916667,-127.48000000
Spathi,2148,35.11888889,25.49888889
Ras Koh,3003,28.82833333,65.19500000
Mt. Martha Black,2512,60.67083333,-137.61916667
Haute Cime: Dents du Midi,3257,46.16111111,6.92333333
Haba Xueshan,5396,27.31833333,100.10000000
Nemerçka,2482,40.12472222,20.43416667
Gunung Besar,1892,-2.71083333,115.62583333
Cerro Aracar,6095,-24.29000000,-67.78333333
Gunung Masurai,2933,-2.50250000,101.85833333
Kuju-san,1791,33.08166667,131.24000000
Mt. Jefferson,3640,38.75194444,-116.92666667
Sovereign Mtn.,2697,62.13111111,-148.60444444
Sierra Maigualida,2350,5.58083333,-65.24916667
Loma Gajo en Medio,2279,18.63666667,-71.52083333
P. 4520±,4520,27.57666667,100.31083333
Sutay Uul,4220,46.61750000,93.59416667
Mt. Michael,3647,-6.40500000,145.31500000
Mt. Ellen,3512,38.10888889,-110.81361111
Qiajivik Mtn.,1963,72.18250000,-75.90666667
Volcan Misti,5822,-16.29666667,-71.41083333
Isanotski Peaks,2471,54.76833333,-163.73083333
Shengtang Shan,1935,23.97500000,110.09750000
Sierra Velluda,3535,-37.46333333,-71.41583333
Beitai Ding,3061,39.07916667,113.56666667
Cerro Cantillana,2281,-33.96666667,-70.96583333
Vikhren,2914,41.76777778,23.40083333
Mt. Kaplan,4230,-84.55000000,175.31666667
Birkenhead Peak,2506,50.51111111,-122.62083333
Isthmus Peak,1991,60.57722222,-148.89138889
Mt. Frakes,3675,-76.80000000,-117.70000000
Kuh-e Garin,3630,33.95916667,48.48166667
Cerro Laguna Blanca,6012,-26.53000000,-67.05916667
Cerro de Campanario,4010,-6.02416667,-77.59750000
Mt. Harrison,3360,50.06000000,-115.20500000
P. 5120±,5120,37.73416667,71.42166667
Sierra de Avallanos HP,2360,-46.51833333,-72.43833333
Gora Shan,4451,42.67583333,44.75750000
Deseret Peak,3362,40.45944444,-112.62638889
Serra Namuli,2436,-15.35750000,37.06500000
Pangaion,1956,40.91472222,24.09166667
Olet Sangenges,1840,-8.58000000,117.12166667
Mt. Talawe,1824,-5.53750000,148.39666667
Nganglong Kangri,6720,32.80833333,81.00083333
Tsast Ula,4208,48.68166667,90.72500000
Gora Narodnaya,1894,65.03333333,60.11666667
Kitumbeine Hill,2858,-2.89333333,36.22916667
Rooseveltsfjeld HP,1920,83.33333333,-35.78333333
Storo HP,1770,70.83333333,-27.48333333
Chamechaude,2082,45.28805556,5.79000000
Cerro Gigante,5748,-16.97750000,-67.34916667
Mt. Veve,1768,-7.95000000,157.07500000
Kuhe Haji Ebrahim,3587,36.55166667,45.00500000
Mt. Jefferson,3200,44.67416667,-121.79944444
Kunyang Chhish I,7852,36.20500000,75.20750000
Xuebang Shan,4295,26.48000000,99.49750000
Chutine Peak,2910,57.77527778,-132.33527778
Cerro Tacarcuna,1870,8.16583333,-77.29583333
Snehaetten,1765,71.56666667,-53.16666667
Babadag,1969,36.52833333,29.18500000
Pandim,6691,27.57750000,88.21583333
Mt. Sir Alexander,3275,53.93583333,-120.38694444
Fenghuang Shan,2570,27.88166667,108.68166667
Gunung Sendoro,3150,-7.30250000,109.99583333
Kuhha-ye Hezar Masjed,3120,36.97333333,59.35666667
Momskiy Khrebet HP,2480,66.59361111,144.77638889
Mt. Hector,3394,51.57333333,-116.25833333
Damyon,6324,29.18083333,98.46000000
Chepunyal Hills,3334,1.65916667,35.38250000
Varful Peleaga,2509,45.36611111,22.89444444
Kuh-e Shashgal,6290,35.93000000,71.08000000
Kuh-e Khabr,3856,28.81750000,56.41333333
Kaimaktsalan,2528,40.93111111,21.78916667
Tongshanjiabu,7207,28.15500000,90.06250000
Baibaidin Shan,4300,27.55000000,102.35500000
Buyu Lumut,2403,-1.20416667,121.80333333
Picos de Barroso,5180,-34.28666667,-70.03333333
Kebnekaise,2113,67.90111111,18.52083333
Volcan Atitlan,3537,14.58333333,-91.18666667
Komaga-take,2956,35.78916667,137.80333333
Iliniza Sur,5263,-0.66333333,-78.71583333
P. 3480,3480,26.73500000,100.46166667
Phu Si Lung,3076,22.62583333,102.78750000
Mt. Edziza,2780,57.71611111,-130.63388889
Gora Gamchen,2577,54.97416667,160.70333333
Shengena,2464,-4.26750000,37.93166667
Mutnovsky V.,2322,52.44833333,158.19750000
Frosty Peak,1769,55.06777778,-162.83527778
Helges Halvo,1750,63.45000000,-41.83333333
Pulau Tidore,1750,0.66416667,127.40166667
Hasagt Hayrhan Uul,3578,46.78916667,95.80083333
Cerro Tres Frailes,2050,-48.66416667,-72.68666667
Uly Balkan Gershi,1880,39.67333333,54.54333333
P. 5980,5980,29.32250000,94.74916667
Whitehorn Mtn.,3399,53.13694444,-119.26666667
Pilot Peak,3266,41.02111111,-114.07722222
Jebel Shayib al Banat,2187,26.97916667,33.48750000
Jebel al Harim,2087,25.97666667,56.23250000
Zugspitze,2962,47.42111111,10.98527778
Mt. Chown,3316,53.39694444,-119.41722222
Iwate-san,2038,39.85333333,141.00083333
Pk. 08-46,2181,80.13666667,-76.77000000
Crazy Peak,3417,46.01805556,-110.27666667
Dhirfis Oros,1743,38.62750000,23.84277778
Tulu Welel,3301,8.87750000,34.81166667
Jiehkkevarri,1834,69.46972222,19.88111111
Phnum Aoral,1810,12.03250000,104.17083333
Undundi-Wandandi,3640,-3.50666667,136.42250000
Gora Chen,2690,65.28361111,141.80111111
Great Sitkin Volcano,1740,52.08194444,-176.13583333
Dabaicao Ling,3680,26.14083333,101.18083333
Nevado Queulat,2300,-44.41833333,-72.38000000
Koktutau,5324,40.03916667,74.83000000
Mol Len,3088,25.49416667,94.75166667
Thudaka Peak,2748,57.92694444,-126.84833333
Smolikas Oros,2637,40.08972222,20.92611111
Cordon Mariano Moreno,3490,-49.32083333,-73.41666667
Jiucai Ling,2010,25.51416667,111.32916667
Shah Tus Aqa Ghar,4803,33.62166667,67.04750000
Monte Antelao,3263,46.45250000,12.26055556
Lian Hua Feng,1864,30.13416667,118.16416667
Alto Toroni,5995,-19.75333333,-68.69666667
Kuh-e Kharanaq,3150,32.11333333,54.58500000
Pascua,2250,-48.65583333,-72.92250000
Hakken-san,1915,34.17416667,135.90666667
Emogadong,2623,4.19583333,33.13000000
Sungwi,2300,-4.73166667,38.23166667
Dutoitspiek,1995,-33.75500000,19.18666667
Zheltovsky V.,1957,51.57666667,157.32833333
Puu Kukui,1764,20.89000000,-156.20805556
Mt. Cleveland,1730,52.82250000,-169.94972222
Geographical Society Island HP,1730,72.95000000,-24.33333333
Samdi Dag,3811,37.30833333,44.25250000
Ayaligtag Range,6130,37.38833333,87.60666667
Dapin Shan,5412,30.20833333,102.33166667
Gunung Singgalang,2877,-0.39000000,100.33083333
Nattaung,2623,18.81000000,97.03750000
Myangan Yamaat,3600,44.89666667,101.57666667
Unuk Peak,2595,56.37611111,-130.19333333
Barguzinskiy Khrebet HP,2841,54.62166667,110.45583333
Barurumea Ridge,2063,-4.74583333,152.05333333
McDonald Peak,2993,47.38250000,-113.91888889
Wugong Shan,1920,27.45500000,114.17333333
Volcan Tacora,5988,-17.72083333,-69.77250000
Volcan Tromen,3980,-37.14000000,-70.05000000
Rishiri-fuji,1721,45.18000000,141.23916667
Baxoila Ling,6146,28.82416667,98.06083333
Cond Peak,2801,49.74611111,-117.14194444
S. of Pico Bonito,2450,15.55916667,-86.87666667
Mt. Carse,2330,-54.71666667,-36.10000000
Gle Hulumasen,2310,5.04416667,95.63333333
Lalla Khedidja,2308,36.44750000,4.22833333
Pointe d/Arcalod,2217,45.68166667,6.22833333
Tsanglha Ri,6495,28.76333333,87.63166667
Gora Babash-Ata,4427,41.41083333,72.91166667
Khrebet Temerliktau HP,3730,43.31833333,80.80166667
Hunhua Shan,3420,23.95750000,100.26083333
Jebel Kawr,2730,23.13833333,57.01416667
Newtontoppen,1717,79.15138889,16.80416667
Mintaka Sar,6407,36.95055556,74.83583333
Monte Dolcedorme,2267,39.89472222,16.21750000
Khao Luang,1780,8.49416667,99.73000000
Pulau Ternate,1715,0.80916667,127.33333333
Kuh-e Shahu,3350,34.99750000,46.47250000
Montaña San Ildefonso,2242,15.52333333,-88.23250000
Ontake-san,3067,35.89333333,137.47916667
Serra do Pacu,1880,1.52833333,-62.17416667
Mt. Wrangell,4317,62.00638889,-144.01777778
Muztagh Tower,7276,35.82666667,76.36166667
Kuh-e Gar,2950,36.50333333,56.96166667
Devils Paw,2593,58.72972222,-133.84083333
Sittakanay Peak,2415,58.47777778,-133.36111111
Jebel Jar,2300,24.55416667,38.21500000
Montalto,1955,38.15888889,15.92111111
Cerro Cerbatana,2080,6.66000000,-66.23750000
Mela Taung,2080,17.20250000,98.08000000
Volcan Wolf,1707,0.04250000,-91.33722222
Grintovec,2558,46.35694444,14.53611111
Khan Tangiri Shyngy,7010,42.21000000,80.17583333
Cerro Ladrillero,1705,-52.95083333,-72.59583333
Shahi Kangri,6934,35.17000000,77.83000000
Manirang,6593,31.95333333,78.36666667
Gora Imeni Fuchika,4573,38.12583333,70.34000000
Cordillera los Pichachos,3630,2.91333333,-74.85000000
Teram Kangri I,7464,35.57916667,77.07750000
Chola Shan I,6168,31.78666667,99.07333333
South Sister,3157,44.10361111,-121.76916667
Gunung Trusmadi,2643,5.55250000,116.51583333
Großer Priel,2515,47.71694444,14.06333333
Gunung Karang,1778,-6.26916667,106.05000000
Kubi Gangri,6859,29.76583333,82.75166667
P. 6332,6332,42.28500000,81.04333333
Oros Giona,2510,38.64750000,22.25444444
Cerro San Lucas,2270,8.11166667,-74.27250000
Broad Peak,8051,35.81166667,76.56500000
Volcan Copiapo,6052,-27.30583333,-69.13083333
Mt. Sarawaget,4121,-6.31083333,147.09000000
Mt. Friesland,1700,-62.66666667,-60.18333333
Dahei Shan,3970,43.64916667,93.92000000
Klosterbjergen,2475,72.25000000,-25.95000000
Mt. Melbourne,2730,-74.35000000,164.70000000
Kuh-e Karkas,3870,33.45583333,51.80000000
Tarlha Ri,6777,28.36333333,91.13583333
Mt. Steller,3266,60.52027778,-143.09388889
Mt. Terror,3230,-77.51666667,168.53333333
Pukeashun Mtn.,2301,51.20472222,-119.23527778
Chiri-san,1915,35.33916667,127.73000000
Mt. Seattle,3155,60.06972222,-139.18777778
Jiankho Shan,5300,31.45250000,103.39916667
Thunder Mtn.,2664,52.55000000,-126.36666667
Hahn Land HP,1744,80.43333333,-19.83333333
Sierra Blanca Peak,3649,33.37416667,-105.80861111
Kadam,3063,1.76250000,34.70916667
Cerros de Pereyra,2640,-24.20666667,-64.51416667
Plaza del Moro Almanzor,2592,40.24750000,-5.29611111
Mt. Smith,2560,6.23250000,36.29750000
Khrebet Orulgan HP,2409,67.58138889,128.14027778
Morton Peak,2245,50.76527778,-118.84305556
Agpalik,1690,70.95000000,-52.03333333
P. 4911,4911,28.59916667,98.50250000
Nyegyi Kansang,6983,27.93666667,92.66666667
Cumbres Calchaquies,4740,-26.61583333,-65.72666667
Kuh-e Mafarun,3480,32.12416667,49.99500000
Mtorwi,2980,-9.07833333,34.02083333
Altan Hohiy,3350,48.75000000,91.62000000
Grigna Settentrionale,2410,45.95333333,9.38750000
Volcan Ollague,5868,-21.30250000,-68.17916667
Pikes Peak,4301,38.84055556,-105.04472222
Mila Kuh,2888,33.75500000,59.85833333
Cero Raya,2070,5.41666667,-66.36666667
Jiaojin Shan,5734,30.58750000,102.16833333
Gora Mungun-Tayga,3970,50.27916667,90.11916667
Monte Bondone,2180,45.98805556,11.03138889
Dafla Range HP,3776,27.55416667,93.33000000
Mt. Perseus,2553,52.35416667,-120.53277778
Tokinskiy Stanovik HP,2380,55.89750000,130.45333333
Mt. Russell,3557,62.79833333,-151.88416667
P. 5641,5641,29.04750000,94.01416667
Mt. Nebo,3636,39.82166667,-111.76027778
Overseer Mtn.,2749,50.52888889,-123.38083333
King Island HP,1679,52.32111111,-127.30666667
Khrebet Tarbagatay HP,2993,47.18833333,82.46583333
Volcan Antisana,5704,-0.48500000,-78.14166667
Mt. Archibald,2588,60.78388889,-137.87388889
Gunung Salak,2211,-6.71583333,106.73333333
Pik Tandykul,5544,39.44833333,71.08333333
Lyavirdyr,6361,37.56250000,75.16166667
Jinping Shan,4488,28.34250000,101.75416667
Cima Presanella,3558,46.22000000,10.66388889
Talchako Mtn.,3037,52.09166667,-126.01666667
Volcan San Cristobal,1745,12.70250000,-87.00583333
Deora,4389,29.35333333,81.55333333
Cerro Tancitaro,3850,19.41666667,-102.31916667
Kuh-e Takht,2975,35.23750000,46.22000000
Gunung Butak,2868,-7.95500000,112.46500000
Snøhetta,2286,62.32055556,9.27166667
Mazar Shan,6542,36.45083333,76.86500000
Sob Gangri,6224,35.65250000,94.25083333
Hathi Parbat,6727,30.68500000,79.70583333
Pulong,6310,30.32083333,94.32000000
Khrebet Kuylyutau,5281,42.03583333,78.90750000
Gyoinmaixoi/og Kangri,6223,33.29583333,79.76666667
Cerro Elefantes,2000,-44.75583333,-72.42500000
Phu Tra,2540,22.16833333,103.58916667
Whiting Peak,2524,58.13888889,-132.93472222
Faisal Peak,2239,56.88555556,-130.58000000
Iterdlaup Qaqai,2144,70.70000000,-52.98333333
Rangrik Rang,6684,31.35250000,78.61000000
Volcan Cerro Azul,1689,-0.92833333,-91.40944444
Lunkho e Dosare,6902,36.77583333,72.44000000
The Pinnacles,2573,50.19527778,-118.22888889
Maja e Kendrevicës,2121,40.28694444,19.85166667
Bu/gyai Kangri,6328,31.81500000,94.70000000
Solunska Glava,2540,41.70416667,21.40527778
Birnhorn,2634,47.47472222,12.73388889
Bintimani,1945,9.22500000,-11.11666667
Bumbag Hayrhan Uul,3470,47.28750000,93.03083333
Uyluk Tepe,3016,36.54333333,29.57083333
Phu Soai Dao,2120,17.73083333,101.00750000
Bewani Mtns. HP,1980,-3.29416667,141.72333333
Mt. Nirvana,2773,61.87472222,-127.68027778
Tsiafajavona,2643,-19.34916667,47.24333333
P. 2868,2868,-5.07916667,-78.70083333
Bhalu Lek,5425,28.99083333,82.39916667
Mt. Thomlinson,2451,55.54388889,-127.48638889
Mt. Busa,2030,6.10916667,124.68583333
Gunung Niut,1701,1.00250000,109.93333333
Ili Boleng,1661,-8.34583333,123.25666667
Kanjut Sar I,7760,36.20500000,75.41833333
Selik Gulam Muztag,6691,36.21666667,82.03583333
Cerro el Condor,6414,-26.63166667,-68.36166667
P. 6300,6300,33.23083333,79.18333333
Cumbre Salto del Fraile,4480,-16.74166667,-66.88833333
Picacho San Onofre,3550,23.80083333,-99.84666667
Cerro Sacamecate,2830,16.58166667,-95.80333333
Laikot,2832,25.35666667,93.89916667
Cerro Torra,2820,4.78250000,-76.49500000
Mt. Bel,1658,-5.61500000,147.96583333
Cordillera de los Cobardes,3420,6.46250000,-73.44416667
Chimata Tepuy,2675,5.37000000,-62.07916667
Mt. Lester Jones,2408,58.71666667,-133.23000000
Hardersbjerg (Gauss Halvo),1679,73.43333333,-22.83333333
Changla,6721,30.13750000,82.19583333
Mt. Elizabeth,4480,-83.90000000,168.38333333
Jeanette Peak,3089,52.63555556,-118.61666667
Kuh-e Mirza ØArab,2887,33.22000000,60.24750000
Snowshoe Peak,2663,48.22305556,-115.68916667
P. 3030,3030,32.35666667,104.84583333
P. 6079,6079,29.29583333,101.90833333
Cerro el Centinela,3130,25.13666667,-103.23000000
Sangpang Bum,2692,26.49083333,95.84583333
Kula Kangri,7538,28.22750000,90.61666667
Kuh-e Alvand,3570,34.66416667,48.48666667
Cerro Paniri,5960,-22.05916667,-68.22833333
Sharktooth Mtn.,2668,58.58750000,-127.96222222
Cerro Guagua Pichincha,4794,-0.17750000,-78.59916667
Pt. 1951m,1951,-5.81250000,149.83833333
Dedegol Tepesi,2980,37.66833333,31.30500000
Bulu Torompupu,2463,-1.42583333,119.85666667
North Schell Peak,3622,39.41305556,-114.59972222
Mt. Porsild,2540,60.08388889,-136.00972222
Ukpik Peak,1809,70.69416667,-71.34166667
Hayford Peak,3021,36.65777778,-115.20083333
P. 5716,5716,42.35166667,80.62750000
Miao/er Shan,2140,25.86666667,110.41250000
Mt. Foresta,3368,60.19138889,-139.43500000
Phou Khe,2079,19.32416667,101.24166667
Nevados Hunadoy,6360,-9.02861111,-77.66555556
Star Peak,2998,40.52250000,-118.17083333
Col Nudo,2472,46.22750000,12.40277778
Upper Saddle Mtn.,2330,50.17250000,-117.90000000
Cerro Barros Arana,2286,-43.88833333,-72.18500000
Gunung Bandahara,3012,3.74916667,97.78166667
Ili Labalekang,1644,-8.54500000,123.38416667
Pointe Percée,2753,45.95555556,6.55611111
Gunung Inerie,2245,-8.87833333,120.95416667
Baranof Is. HP,1643,57.01472222,-134.98861111
Diamond Peak,3718,44.14138889,-113.08277778
Adrar Bou Nasser,3340,33.56833333,-3.88583333
Tianzhu Shan,1760,31.06166667,116.18750000
Flat Top Mtn.,3237,40.37250000,-112.18888889
Airibaba,3138,37.78750000,66.55666667
Hubris Peak,2445,56.55166667,-130.97333333
Lars Christiansen Peak,1640,-68.78333333,-90.58333333
Dome Argus,4091,-80.36666667,77.35000000
Kioto Mountains,1816,6.10666667,125.57000000
Mt. Discovery,2680,-78.36666667,165.01666667
Hiuchi-yama,2462,36.92250000,138.06666667
Bumhpa Bum,3411,26.67833333,97.23833333
Pegunungan Kumawa,1680,-3.91583333,133.01083333
Nevado Queva,6140,-24.30750000,-66.73333333
Kuh-e Bagh-e Bala,3775,30.56250000,57.16166667
Jibal Raymah,2920,14.68000000,43.65666667
Gunung Patah,2850,-4.25750000,103.30583333
P. 2300,2300,30.23666667,110.57666667
Mt. Taylor,2333,-43.50750000,171.32000000
P. 6135,6135,29.94083333,95.74583333
Cerro Huemules,1910,-45.73583333,-72.44916667
Daisen,1729,35.37083333,133.53916667
G. Stokap,1634,44.83750000,147.34333333
Himalchuli I,7893,28.43416667,84.63750000
Huantsan,6369,-9.51583333,-77.31000000
Qingagssat Qaqit,1782,60.56666667,-44.70000000
Mt. Verne,1632,-67.66666667,-67.50000000
Mush Muztagh,6638,36.04750000,80.11916667
Aggio,3358,7.14916667,36.54416667
Mt. Bolshaya Udina,2920,55.75833333,160.52666667
Volcan las Tres Virgenes,1950,27.47000000,-112.59166667
Fussa V.,1772,50.26750000,155.24750000
Mt. Haddington,1630,-64.21666667,-57.63333333
Camiguin Island HP,1630,9.17833333,124.72666667
Mt. Forbes,3617,51.86000000,-116.93166667
Ainos Oros,1628,38.13722222,20.67277778
Mt. Panie,1628,-20.58833333,164.77083333
Mt. Judge Howay,2262,49.50694444,-122.32166667
Mt. Stuart,2870,47.47500000,-120.90222222
Cordillera Sarmiento,1925,-51.80166667,-73.38416667
Pik Yevgenii Korzhinievskoi,7105,39.05750000,72.00833333
Kuh-e Aq Dagh,3321,37.38583333,48.55000000
Mong Ling Shan,2641,23.33000000,98.87750000
Benjiwo,1953,25.24750000,112.00333333
Sierra de Santa Martha,1690,18.34916667,-94.85750000
Chogolisa I,7668,35.61416667,76.57916667
Udren Zom,7108,36.51722222,71.92083333
Cerro del Tambillo,5680,-32.30416667,-69.68083333
P. 4260,4260,28.95833333,102.93666667
Cerro Roma,3200,-49.96083333,-73.45083333
Jiuling Shan,1790,28.88333333,114.95083333
Blanca Peak,4372,37.57750000,-105.48555556
Phu Xai Lai Leng,2720,19.19750000,104.18166667
Pangpoche I,6620,28.62833333,84.68166667
Pik Agasis,5900,39.01416667,71.50416667
P. 4735,4735,27.25000000,89.70416667
Jebel al Lawz,2580,28.65416667,35.30583333
Khrebet Saltaga-Tas HP,2021,68.35750000,140.07694444
Paishidin,1895,24.92750000,112.99083333
Cordon los Nadis,1780,-47.54250000,-72.94166667
Volcan de Santa Ana,2362,13.85583333,-89.62833333
Mt. McClintock,3490,-80.21666667,157.43333333
Pt. 8517,2596,60.92833333,-142.52388889
Kuh-e Hezar Darreh,3880,31.67500000,51.02833333
Monte Mentolat,1620,-44.69666667,-73.07583333
Victoria Peaks,1709,9.36500000,118.33416667
P. 6086,6086,34.02833333,76.79416667
Mizri Ghar,3111,31.34083333,70.02916667
Tupeq Mtn.,2000,66.57250000,-65.07500000
Mt. Pattullo,2727,56.23388889,-129.65750000
Pk. 09-29,1840,66.15166667,-63.49250000
Mt. Ossa,1617,-41.87083333,146.03333333
Trisul,7120,30.31416667,79.77583333
Mt. Miller,3277,60.46083333,-142.30333333
Qingaq (Storo),1616,64.40000000,-51.11666667
Cerro Mojano,2720,-49.75027778,-73.11416667
Agssaussat,2140,65.88333333,-52.11666667
Panch Chuli,6904,30.21416667,80.42750000
Samdain Kangsang,6590,30.83500000,91.48833333
Fan Si Pan,3143,22.30333333,103.77500000
Mt. Tatlow,3063,51.38416667,-123.86416667
Kloftbjerge,2163,71.33333333,-25.75000000
Shirane-san,2578,36.79833333,139.37416667
Ibapah Peak,3691,39.82805556,-113.91972222
Cerro Penitentes,2943,-47.67500000,-72.25166667
Djebel Chélia,2328,35.31833333,6.63750000
Fengari,1611,40.46166667,25.58750000
Pulau Obi HP,1611,-1.53833333,127.66916667
Bilchhar Dobani,6143,35.95583333,74.63333333
Dapha Bum,4578,27.66083333,96.70000000
/Argun North/,3405,6.55000000,36.72583333
Mt. Tama,2489,-13.78583333,13.17583333
Rao Co,2286,18.15750000,105.41250000
Gora Bakening,2276,53.90416667,158.07000000
Cerro Situacion,2250,-42.95583333,-71.66166667
Vilyuchinsky V.,2173,52.70500000,158.28166667
Seulawah Agam,1810,5.44750000,95.65583333
Carlisle Is. HP,1610,52.89416667,-170.05472222
Kogantag,4800,38.63166667,90.64000000
Kuh-e Rag,3661,31.33666667,50.97166667
Jebel Igdet,3615,30.96333333,-8.44333333
Mt. Timpanogos,3581,40.39083333,-111.64611111
Hudson Bay Mtn.,2589,54.81166667,-127.33972222
Corsan Peak,1934,51.01722222,-126.40611111
Datian Ding,1704,22.29083333,111.21500000
Gora Lopatina,1609,50.85166667,143.14166667
Mt. Fryatt,3361,52.55000000,-117.90000000
Cerro Pili,6046,-23.29250000,-67.61750000
Ejnar Mikkelsen Fjeld,3308,68.88333333,-28.60000000
Bashful Peak,2440,61.30750000,-148.87027778
Moussa Ali,2021,12.47083333,42.40500000
Bharanzar,6574,33.60250000,76.13166667
K/ech/a Terara,4195,7.90833333,39.39166667
Kisimngiuqtuq Peak,1905,70.79916667,-71.65166667
P. 1680,1680,66.11666667,-37.45000000
Gran Campo Nevado,1640,-52.79833333,-73.09250000
/Kabobo/,2725,-5.13750000,29.05166667
Clavering Island HP,1604,74.36666667,-21.18333333
Cerro Risco Plateado,4999,-34.91833333,-69.99416667
Monmouth Mtn.,3182,50.99166667,-123.79000000
Kaimuk Kangri,6953,35.91333333,76.88750000
Cerro Tunupa,5321,-19.83250000,-67.64583333
Kuh-e Namak,2846,28.70083333,53.24916667
Belaya,2731,11.47416667,36.19416667
Mingan Mountains,1901,15.48083333,121.40500000
Mt. Ovington,2949,54.14305556,-120.57416667
Cerro las Capillas,2890,19.55500000,-104.14750000
Cerro Pietrobelli,2850,-50.53500000,-73.35750000
Picachos el Fraile,2390,25.86250000,-100.61166667
Jebel Khadar,2200,22.60833333,59.18666667
Mt. Cleveland,3190,48.92472222,-113.84777778
Karkoor,2120,11.32500000,49.74750000
Mt. Brewster,2025,-72.95000000,169.38333333
Skippers Range HP,1648,-44.43416667,168.17000000
Kawaikini,1598,22.05888889,-159.49750000
Kuh-e Jupar,4150,29.91083333,57.20166667
Loe Nekan,3582,30.26166667,67.30250000
He Devil,2871,45.32388889,-116.54833333
Tevodian,2120,32.86500000,108.37250000
Mt. Maybole,1665,-9.43583333,150.55750000
Jof di Montasio,2752,46.60250000,13.43361111
Gora Cherskogo,2588,55.06000000,108.68500000
Loi Pangnao,2563,21.30333333,100.31333333
Shaman,2363,56.06916667,115.86166667
Yujing Feng,1810,28.90833333,118.06000000
Callejón Cañapa,5900,-21.44833333,-68.07083333
Arc Dome,3588,38.83277778,-117.35277778
Kerkini,2031,41.32166667,23.12194444
Gunung Muria,1602,-6.61666667,110.89083333
Anjouan,1595,-12.21500000,44.42500000
Chaukhamba,7138,30.74750000,79.28750000
Turgen Uul,4029,49.79916667,89.75416667
Qilian Shan HP,5547,39.20333333,98.54416667
Pic Toussidé,3315,21.04000000,16.47000000
Lassen Peak,3187,40.48750000,-121.50416667
Dainiti Dake,2128,37.83250000,139.65916667
Nanda Kot,6861,30.28166667,80.06833333
Mont Mohi,3480,-2.95416667,28.78000000
Mt. Addenbroke,1591,50.23166667,-124.68611111
Cerro Tomasamil,5830,-21.29250000,-67.96750000
Finchuiyanou Range,3580,25.48916667,99.07500000
P. 3400+,3420,17.13250000,-96.01250000
Jabal Sabir,3006,13.51583333,44.05083333
Mt. Piapayungan,2815,7.69083333,124.50750000
Liakoura,2457,38.53583333,22.62416667
Cerro Puno,2200,-47.29750000,-73.11166667
Sillem Island HP,1590,71.00166667,-71.85500000
Gauri Shankar,7135,27.95333333,86.33583333
Cerro Carabaya,5869,-19.14583333,-68.69833333
Mai Gudo,3359,7.49083333,37.20416667
Pakhain Range HP,2780,26.81583333,95.52333333
P. 2519,2519,20.68583333,97.34166667
Estero Peak,1664,50.46194444,-125.18583333
Volcan Sangay,5300,-2.00500000,-78.34083333
Buyu Balease,3016,-2.40583333,120.54250000
Volcan Choshuenco,2422,-39.93166667,-72.03000000
Mulkila,6517,32.54583333,77.41166667
Kolahoi,5425,34.16500000,75.32583333
Kuh-e Mohammadabad,3592,30.58083333,54.86500000
Margaretatopp (Andrees Land),2360,73.36666667,-26.30000000
Pautuut,2010,70.30000000,-52.71666667
Rugged Mtn.,1875,50.01666667,-126.68333333
Agdleruussakasit,1763,60.13333333,-44.53333333
Tulu Tuloi II,1780,0.96000000,-63.34000000
P. 5700,5700,34.90333333,75.83250000
Cerro Jallacate,5567,-11.90583333,-75.05250000
Mt. Deborah,3761,63.63722222,-147.23944444
Cleopatra Needle,1608,10.12333333,118.99416667
Pt. 8336,2541,61.11250000,-153.46944444
Mt. Sicapoo,2361,18.01333333,120.93916667
P. 5170,5170,39.34416667,70.13833333
Mt. Seton - Cy5,2855,50.62361111,-122.26027778
Polinik,2784,46.89500000,13.15805556
Huidu Matabulawa,1964,0.48833333,123.67500000
Durbin Kangri,6824,35.99666667,76.76833333
Boz Dag,2156,38.32333333,28.10250000
Karpogo Sar I,7038,35.92500000,76.17500000
Haizi Shan,5820,30.37916667,101.69916667
Munku Sardyk,3491,51.71916667,100.59750000
Mt. Lemmon,2791,32.44277778,-110.78833333
Pico Pijol,2320,15.17666667,-87.57333333
Puy de Sancy,1885,45.52833333,2.81416667
Monte Cimone,2165,44.19388889,10.70138889
Adelbert Range HP,1716,-4.70250000,145.23166667
Batu Jumak,2250,1.81916667,115.27250000
Abercrombie Mtn.,2228,48.92833333,-117.46000000
Store Lenangstind,1624,69.71027778,20.09055556
Cerro Tebenquicho,5810,-25.35083333,-67.64666667
Nevado de Cumbal,4760,0.95583333,-77.88666667
Volcan Peteroa,4084,-35.27250000,-70.58166667
Cheekha Dar,3611,36.77500000,44.91916667
Volcan Villarrica,2860,-39.42083333,-71.93916667
Barla Dagi,2800,38.05000000,30.70500000
Mt. Baco,2364,12.82083333,121.17333333
P. 1857,1857,24.89250000,111.16666667
P. 5980,5980,34.29222222,75.79083333
Petra Pervogo Range HP,4744,38.97083333,70.66500000
Kaza Mtn.,2543,53.07111111,-121.00888889
Mt. Gareloi,1573,51.78833333,-178.79416667
Volcan de San Vicente,2182,13.59666667,-88.83750000
Kuh-e Ja/in,2980,28.09500000,55.99000000
Meseta del Cerro Jaua,2395,4.56916667,-64.35666667
Bukit Batu,2040,2.25083333,113.71750000
Cerro Bravo,3970,-5.53250000,-79.24500000
Mt. Cronin,2396,54.93000000,-126.86388889
Gunung Saran,1758,-0.42333333,111.29500000
Phnum Samkos,1750,12.15583333,103.04333333
Qullai Arnavad,5992,38.56500000,71.52416667
Tödi,3614,46.81111111,8.91472222
Wuhevi,3095,-0.14250000,29.42416667
Gora Oval/naya Zimina,3080,55.86083333,160.60583333
Chiricahua Peak,2975,31.84666667,-109.29083333
Kiou Leou Ti,2402,22.66166667,104.60250000
Gunung Bintang,1862,5.42916667,100.86666667
Daming Shan,1785,23.38583333,108.50333333
Gunung Sambapolulu,1570,-5.30833333,121.95583333
P. 5858.8,5859,38.26750000,72.71333333
Birkkarspitze,2749,47.41111111,11.43777778
Botev,2376,42.71750000,24.91666667
Basement Peak,2706,59.35500000,-137.16166667
Angemuk,3949,-3.52500000,138.59166667
Pt. 8488,2587,61.49500000,-153.62277778
Huidu Tentolomatinan,2230,0.93833333,121.77666667
Pico Sira,2450,-9.45166667,-74.67833333
Cerro Aguja Sur,2230,-42.16250000,-71.83416667
Pk. 39-18,1721,69.65666667,-69.30833333
P. 5318,5318,41.68944444,78.97500000
Kuh-e Bul,3943,30.77750000,52.75000000
Mali i Çikës,2044,40.19833333,19.64194444
B21,5828,35.53333333,75.47083333
Junkor,5373,34.62250000,76.24583333
Mt. Eddy,2751,41.32000000,-122.47750000
Mawhpung Bum,1874,25.95500000,96.07083333
Kazi Razi,6505,28.19750000,91.86500000
Kispiox Mtn.,2096,55.40000000,-127.93333333
Dzhata,3085,48.63083333,86.83916667
Blaskbjerg,1600,73.30000000,-24.03333333
Gunung Rumput,1590,1.72166667,109.66750000
Gunung Gamkonora,1560,1.37833333,127.53416667
Chomo Yummo,6829,28.03416667,88.54583333
Cerro Paramillo,3730,7.10250000,-75.96916667
Kesis Dagi,3546,39.79250000,39.77083333
Mt. Sylvia,2940,58.08194444,-124.46888889
Cerro de la Paloma,1995,-45.84666667,-72.20916667
Pk. 35-44,1562,70.58000000,-70.72833333
Jethi Bahurani,6850,29.88333333,81.04083333
Beu-tse,6270,29.95250000,90.53833333
Falak Sar,5918,35.67500000,72.78000000
Laotzyunshan,4500,26.88333333,99.61083333
Kuh-e Gereh,3990,31.91000000,50.36500000
Cordon Soler,2150,-47.05333333,-73.06583333
Alto de Nique,1730,7.70166667,-77.72750000
Mt. Wotzke,2597,52.71305556,-120.65083333
Sibium Mtns. HP,2295,-9.32583333,148.35833333
Deyjay,3340,-3.96916667,136.19500000
Mt. Macdonald,2760,64.72500000,-132.77888889
Dalton Range HP,2329,60.47583333,-137.16916667
Kinaussak,1630,64.45000000,-50.51666667
Volcan Tungurahua,5016,-1.47000000,-78.44500000
Mt. Crysdale,2429,55.93833333,-123.42111111
Davraz Tepe,2635,37.75250000,30.72416667
Yaoji Shan,3590,28.97833333,103.26583333
Ellmauer Halt,2344,47.56222222,12.30305556
Menlungtse,7181,27.97250000,86.43166667
Japvo,3014,25.59750000,94.06666667
Vile Peak,2189,56.27111111,-128.34000000
Nevado el Plomo,6070,-33.10333333,-70.06583333
Cerro Colina,5385,-33.96333333,-69.85333333
Riyue Shan HP,4890,36.33750000,101.20083333
Dubbai,3950,12.85833333,39.49666667
Avachinsky V.,2741,53.25583333,158.83666667
Sopka Taunshits,2353,54.52833333,159.80416667
Gaaseland HP,2100,70.20000000,-27.66666667
Gora Bogdan Khmel/nitskiy,1585,45.33750000,147.91916667
Mt. Augusta,4289,60.30527778,-140.46027778
Christian IV Island HP,1549,60.05000000,-43.91666667
Novaya Zemlya HP,1549,75.16666667,57.81666667
Colangüil,6122,-29.58916667,-69.44916667
Killi Tepe,3075,38.02833333,37.48666667
Bulusan Volcano,1565,12.76916667,124.05666667
Bur ni Geureudong,2880,4.81000000,96.81666667
Favres Bjerg,2000,73.95000000,-23.20000000
Hakandya,2615,61.60000000,142.83472222
P. 2995,2995,23.43000000,99.21583333
Ilgaz Daglari,2587,41.10083333,33.86333333
Cerro Conico,2271,-43.26416667,-71.74416667
Pt. 6915,2108,61.32972222,-144.96000000
Kataklik Kangri,6897,34.94000000,78.18250000
Geyik Daglari,2877,36.88916667,32.17250000
Seweweekspoortpiek,2325,-33.39833333,21.36750000
Cerro Chorolque,5520,-20.91833333,-66.03583333
Pico el Turmal,3560,9.52750000,-70.11333333
Grande Tete de l/Obiou,2790,44.77611111,5.84083333
Mt. Kulal,2285,2.72916667,36.92333333
Akher Chioh,7017,36.67250000,72.23166667
Geladaindong,6621,33.49583333,91.16750000
Mt. Bear ,4521,61.28333333,-141.14333333
Baatar Hayrhan,3984,46.96916667,92.72500000
Gunung Daun,2493,-3.39166667,102.34250000
P. 1830,1830,-45.19833333,-72.26333333
Roman-Kosh,1545,44.61305556,34.24333333
Cerro El Pital,2730,14.38583333,-89.12750000
Volcan Iztaccihuatl,5230,19.18083333,-98.64333333
Mt. Temple,3540,51.35083333,-116.20583333
Elivai Malai,2088,10.94000000,76.63250000
Johnstrup Bjerge (Suess Land),2000,73.00000000,-25.53333333
Tsurugi-san,1955,33.85416667,134.09250000
P. 5350±,5350,39.34750000,98.20166667
Kuh-e Denband,2777,31.59250000,57.03333333
Gran Caldera de Luba,2261,3.36083333,8.53916667
Cerro Tenerife,1590,-51.37916667,-72.84916667
Milne V.,1539,46.81333333,151.78500000
Chaupi Orco,6044,-14.65333333,-69.22833333
Volcan Sumaco,3790,-0.54083333,-77.62666667
Volcan de Tequila,2930,20.78750000,-103.84666667
Berzelius Bjerg,1810,72.46666667,-25.06666667
Geli Kuh,2995,28.13916667,61.82666667
Peninsula Videau HP,1580,-48.10416667,-73.38000000
Volcan Miravalles,2028,10.74666667,-85.15000000
Whitecap Mtn.,2918,50.71666667,-122.50944444
Korovin Volcano,1533,52.38027778,-174.16833333
Paramo el Nevado,4250,3.93500000,-74.11000000
Dunn Pk.,2636,51.43666667,-119.95500000
Muhavura,4127,-1.38333333,29.67583333
Mt. Ida,3200,54.05833333,-120.32638889
Kizimen V.,2375,55.13083333,160.32000000
Kuh-e Par-e Lavar,2209,27.19416667,54.53916667
Huangmao Jian,1930,27.89333333,119.18666667
Baojie Ling,1930,25.55916667,110.96166667
Burnag Kangri,6821,35.85916667,76.83416667
Pik Grandiozniyy,2891,53.89333333,96.00750000
Karenga,2279,-7.68666667,36.88083333
Mt. Monkley,1967,54.88333333,-129.65000000
Buzbu Too,2875,41.49500000,71.89250000
Karakash Shan,6510,35.72250000,78.68750000
Langtang Lirung,7227,28.25750000,85.51583333
The Horn,2907,52.32000000,-126.23666667
Miller Peak,2885,31.39277778,-110.29305556
Cerro Desfiladero,2300,-47.42583333,-73.18750000
Dund Sayhni Nuru,2825,43.63583333,103.77083333
Maja e Valamares,2373,40.79472222,20.46666667
Gora Bogchigir,5800,37.66666667,72.70833333
Volcan Lonquimay,2865,-38.38083333,-71.58666667
Mt. Labo,1544,14.01333333,122.78750000
Gasherbrum II,8034,35.75833333,76.65333333
Mt. Tod,2155,50.91666667,-119.94166667
P. 5704,5704,30.26750000,101.96083333
Cuchilla San Lorenzo,2866,11.11666667,-74.03333333
Cima Tosa,3173,46.15527778,10.87055556
Qingliang Feng,1787,30.10083333,118.86166667
P. 6842,6842,30.34250000,93.91500000
Hochtor,2369,47.56166667,14.63277778
Cerro Atravesado,2310,16.76333333,-94.45166667
Isla Wellington HP,1520,-49.32083333,-74.50250000
Cerro Imbabura,4634,0.26083333,-78.18083333
Cerro Photulo Punta,4284,-19.54166667,-64.66000000
Grey Hunter Peak,2214,63.13583333,-135.63250000
Sarektjåkkå,2089,67.43194444,17.72500000
Tres Quebradas,6239,-27.30000000,-68.80833333
Mt. Shungol,2752,-6.86333333,146.71583333
Volcan Minchinmavida,2450,-42.79916667,-72.44583333
Grimming,2351,47.52055556,14.01694444
Montaña los Comayagua,2407,14.49500000,-87.50833333
Grand Combin de Grafeneire,4314,45.93750000,7.29916667
Pelister,2601,41.00361111,21.18666667
Mt. Morning,2725,-78.51666667,163.58333333
Inyangani,2592,-18.30000000,32.84166667
Gataga Peak,2533,58.06972222,-125.70111111
Cerro de Incahuasi,6621,-27.03333333,-68.29583333
La Tournette,2351,45.82722222,6.28638889
Psili Korifi,1589,38.75888889,20.99555556
Togras Kangri,6447,36.69000000,77.73416667
Kuh-e Soltan Saheb,4270,34.14916667,69.41583333
Tres Hermanos,2010,-44.07111111,-72.01694444
Chung Muztagh,6962,35.65166667,82.31250000
P. 5840±,5840,29.39833333,94.90083333
Kamakou,1512,21.10666667,-156.86861111
Alto de la Bandera,2842,18.81416667,-70.62666667
Mt. Taraka,2251,-6.44333333,155.60916667
Guna Terara,4120,11.71083333,38.23666667
Kuh-e Menar,3750,32.56833333,49.56333333
Kuh-e Nozva,3730,35.94250000,53.32500000
K/ech/a Terara,3240,5.82083333,37.83916667
Kuh-e Raziyeh,3120,31.12583333,50.27583333
Moro de Moco,2620,-12.46333333,15.17250000
Arga-Tas HP,2400,65.21472222,149.08000000
Angna Mtn.,1710,66.55750000,-62.02083333
Nevado Champara,5735,-8.68500000,-77.79083333
Akbaba Tepesi,3457,39.53666667,39.54250000
Kuh-e Patu,3070,37.03333333,57.90000000
Kennedy Peak,2703,23.31750000,93.76166667
Khrebet Baldyrgannyg HP,2522,52.58000000,94.27000000
Volcan Concepcion,1611,11.53833333,-85.62250000
Hkusam Mtn.,1645,50.33333333,-125.83333333
Sierra de Sangra,2200,-48.46916667,-72.39166667
Cerro Cuatro Puntas,1810,-45.57916667,-72.33000000
Monte Burney,1520,-52.32500000,-73.38000000
Lenglong Ling HP,5254,37.69333333,101.50500000
Mt. Joffre,3433,50.52833333,-115.20666667
Cerro Castillejos,2480,-26.06583333,-64.89166667
Sierra de Agalta,2335,14.95750000,-85.91666667
Tai Shan,1545,36.25583333,117.10750000
Hajhir,1505,12.57416667,54.02083333
Doda,6573,33.67416667,76.30500000
Piz Kesch,3418,46.62138889,9.87277778
Uludag Tepe,2543,40.07500000,29.21666667
Kotaklik Shan,6580,35.99416667,81.59250000
Mt. Moriah,3678,39.27333333,-114.19861111
Chiltan,3313,30.01555556,66.82805556
Ambition Mtn.,2953,57.39472222,-131.48527778
Kuh-e Sefid,4750,33.66166667,67.62583333
Gara Muleta,3405,9.25666667,41.72916667
Yanyanpo,2990,23.36166667,103.90666667
Kalatungan Mountains,2880,7.95500000,124.80250000
Zirbitzkogel,2396,47.06361111,14.56722222
Robertson Peak,2252,49.64583333,-122.25027778
Mt. Van der Est,1801,50.55666667,-125.28305556
Gora Boboiob,3770,40.84916667,70.34333333
Mt. Ng/iro,2848,2.19166667,36.81583333
Khrebet Udokan HP,2570,56.67083333,119.12666667
Pico Malpaso,1501,27.72888889,-18.04055556
Qaidam Shan,5759,38.03833333,95.32416667
P. 3938,3938,-86.30000000,158.00000000
Kiyamaki Dagh,3358,38.78583333,45.85666667
Cerros Santa Elena,2390,18.67333333,-102.50333333
Sierra Gomas,2210,26.30750000,-100.46583333
Cerro el Cerron,2100,10.32250000,-70.63083333
Kitlope Range HP,1945,53.03777778,-127.64138889
